instance,residue_name,residue_id,enzyme_id,notes,status,proposer_id,administrator,disputer_id,curated
1,N-glycan_core_b-D-GlcpNAc_B,NB,51,,active,AN,WSY,,1
2,N-glycan_core_b-D-GlcpNAc_B,NB,33,,active,AN,WSY,,1
3,N-glycan_core_b-D-GlcpNAc_B,NB,23,,active,AN,WSY,,1
4,N-glycan_core_b-D-GlcpNAc_B,NB,27,,active,AN,WSY,,1
5,N-glycan_core_b-D-GlcpNAc_B,NB,35,not in human,active,AN,WSY,,1
6,N-glycan_core_b-D-Manp,NC,50,,active,AN,WSY,,1
7,N-glycan_core_b-D-Manp,NC,19,,active,AN,WSY,,1
8,N-glycan_a-D-Manp_4,N4,70,,active,AN,WSY,,1
9,N-glycan_a-D-Manp_4,N4,16,,active,AN,WSY,,1
10,N-glycan_a-D-Manp_1,N1,70,,active,AN,WSY,,1
11,N-glycan_a-D-Manp_1,N1,16,,active,AN,WSY,,1
12,N-glycan_a-D-Manp_21,N21,54,,active,AN,WSY,,1
13,N-glycan_a-D-Manp_21,N21,18,,active,AN,WSY,,1
14,N-glycan_a-D-Manp_22,N22,54,,active,AN,WSY,,1
15,N-glycan_a-D-Manp_22,N22,18,,active,AN,WSY,,1
16,N-glycan_a-D-Manp_19,N19,7,,active,AN,WSY,,1
17,N-glycan_a-D-Manp_19,N19,25,,active,AN,WSY,,1
18,N-glycan_a-D-Manp_24,N24,2,,active,AN,WSY,,1
19,N-glycan_a-D-Manp_24,N24,32,,active,AN,WSY,,1
24,N-glycan_a-D-Glcp_25,N25,13,,active,AN,WSY,,1
25,N-glycan_a-D-Glcp_25,N25,46,,active,AN,WSY,,1
26,N-glycan_a-D-Glcp_26,N26,92,,active,AN,WSY,,1
27,N-glycan_a-D-Glcp_26,N26,12,,active,AN,WSY,,1
28,N-glycan_a-D-Glcp_27,N27,9,,active,AN,WSY,,1
29,N-glycan_a-D-Glcp_27,N27,57,,active,AN,WSY,,1
30,N-glycan_b-D-GlcpNAc_2,N2,83,,active,AN,WSY,,1
31,N-glycan_b-D-GlcpNAc_2,N2,60,,active,AN,WSY,,1
32,N-glycan_a-L-Fucp_15,N15,76,,active,AN,WSY,,1
33,N-glycan_a-L-Fucp_15,N15,80,,active,AN,WSY,,1
34,N-glycan_b-D-GlcpNAc_5,N5,67,,active,AN,WSY,,1
35,N-glycan_b-D-GlcpNAc_5,N5,56,,active,AN,WSY,,1
36,N-glycan_b-D-Galp_3,N3,91,,active,AN,WSY,,1
37,N-glycan_b-D-Galp_3,N3,90,,active,AN,WSY,,1
38,N-glycan_b-D-Galp_3,N3,48,,active,AN,WSY,,1
39,N-glycan_b-D-Galp_3,N3,6,,active,AN,WSY,,1
40,N-glycan_b-D-Galp_3,N3,44,,active,AN,WSY,,1
41,N-glycan_b-D-Galp_3,N3,63,,active,AN,WSY,,1
42,N-glycan_b-D-GlcpNAc_7,N7,31,,active,AN,WSY,,1
43,N-glycan_b-D-GlcpNAc_7,N7,21,,active,AN,WSY,,1
44,N-glycan_b-D-GlcpNAc_7,N7,75,,active,AN,WSY,,1
45,N-glycan_b-D-GlcpNAc_7,N7,89,,active,AN,WSY,,1
46,N-glycan_b-D-GlcpNAc_7,N7,38,,active,AN,WSY,,1
47,N-glycan_b-D-GlcpNAc_7,N7,59,,active,AN,WSY,,1
48,N-glycan_b-D-Galp_6,N6,91,,active,AN,WSY,,1
49,N-glycan_b-D-Galp_6,N6,90,,active,AN,WSY,,1
50,N-glycan_b-D-Galp_6,N6,48,,active,AN,WSY,,1
51,N-glycan_b-D-Galp_6,N6,6,,active,AN,WSY,,1
52,N-glycan_b-D-Galp_6,N6,44,,active,AN,WSY,,1
53,N-glycan_b-D-Galp_6,N6,63,,active,AN,WSY,,1
54,N-glycan_b-D-Galp_28,N28,74,,active,AN,WSY,,1
55,N-glycan_b-D-Galp_28,N28,55,,active,AN,WSY,,1
56,N-glycan_b-D-Galp_28,N28,81,,active,AN,WSY,,1
57,N-glycan_b-D-Galp_28,N28,11,,active,AN,WSY,,1
58,N-glycan_a-D-NeupNAc_12,N12,53,major,active,AN,WSY,,1
59,N-glycan_a-D-NeupNAc_12,N12,3,major,active,AN,WSY,,1
60,N-glycan_a-D-NeupNAc_12,N12,52,minor,active,AN,WSY,,1
61,N-glycan_a-D-NeupNAc_12,N12,43,minor,active,AN,WSY,,1
62,N-glycan_a-D-NeupNAc_13,N13,53,major,active,AN,WSY,,1
63,N-glycan_a-D-NeupNAc_13,N13,3,major,active,AN,WSY,,1
64,N-glycan_a-D-NeupNAc_13,N13,52,minor,active,AN,WSY,,1
65,N-glycan_a-D-NeupNAc_13,N13,43,minor,active,AN,WSY,,1
66,N-glycan_a-D-NeupNAc_33,N33,86,major,active,AN,WSY,,1
67,N-glycan_a-D-NeupNAc_33,N33,17,major,active,AN,WSY,,1
68,N-glycan_a-D-NeupNAc_33,N33,41,minor,active,AN,WSY,,1
69,N-glycan_a-D-NeupNAc_33,N33,24,minor,active,AN,WSY,,1
70,N-glycan_a-D-NeupNAc_33,N33,62,minor,active,AN,WSY,,1
71,N-glycan_a-D-NeupNAc_33,N33,64,minor,active,AN,WSY,,1
72,N-glycan_b-D-Galp_8,N8,91,,active,AN,WSY,,1
73,N-glycan_b-D-Galp_8,N8,90,,active,AN,WSY,,1
74,N-glycan_b-D-Galp_8,N8,48,,active,AN,WSY,,1
75,N-glycan_b-D-Galp_8,N8,6,,active,AN,WSY,,1
76,N-glycan_b-D-Galp_8,N8,44,,active,AN,WSY,,1
77,N-glycan_b-D-Galp_8,N8,63,,active,AN,WSY,,1
78,N-glycan_a-D-NeupNAc_14,N14,53,major,active,AN,WSY,,1
79,N-glycan_a-D-NeupNAc_14,N14,3,major,active,AN,WSY,,1
80,N-glycan_a-D-NeupNAc_14,N14,52,minor,active,AN,WSY,,1
81,N-glycan_a-D-NeupNAc_14,N14,43,minor,active,AN,WSY,,1
82,N-glycan_b-D-GlcpNAc_9,N9,85,major,active,AN,WSY,,1
83,N-glycan_b-D-GlcpNAc_9,N9,79,major,active,AN,WSY,,1
84,N-glycan_b-D-GlcpNAc_9,N9,37,minor?,active,AN,WSY,,1
85,N-glycan_b-D-GlcpNAc_9,N9,40,minor?,active,AN,WSY,,1
86,N-glycan_b-D-Galp_10,N10,91,,active,AN,WSY,,1
87,N-glycan_b-D-Galp_10,N10,90,,active,AN,WSY,,1
88,N-glycan_b-D-Galp_10,N10,48,,active,AN,WSY,,1
89,N-glycan_b-D-Galp_10,N10,6,,active,AN,WSY,,1
90,N-glycan_b-D-Galp_10,N10,44,,active,AN,WSY,,1
91,N-glycan_b-D-Galp_10,N10,63,,active,AN,WSY,,1
92,N-glycan_b-D-GlcpNAc_36,N36,36,major,active,AN,WSY,,1
93,N-glycan_b-D-GlcpNAc_36,N36,47,major,active,AN,WSY,,1
94,N-glycan_b-D-GlcpNAc_36,N36,69,minor,active,AN,WSY,,1
95,N-glycan_b-D-GlcpNAc_36,N36,84,minor,active,AN,WSY,,1
96,N-glycan_b-D-GlcpNAc_36,N36,1,,active,AN,WSY,,1
97,N-glycan_b-D-GlcpNAc_36,N36,42,,active,AN,WSY,,1
98,N-glycan_b-D-GlcpNAc_59,N59,36,major,active,AN,WSY,,1
99,N-glycan_b-D-GlcpNAc_59,N59,47,major,active,AN,WSY,,1
100,N-glycan_b-D-GlcpNAc_59,N59,69,minor,active,AN,WSY,,1
101,N-glycan_b-D-GlcpNAc_59,N59,84,minor,active,AN,WSY,,1
102,N-glycan_b-D-GlcpNAc_59,N59,1,,active,AN,WSY,,1
103,N-glycan_b-D-GlcpNAc_59,N59,42,,active,AN,WSY,,1
104,N-glycan_b-D-GlcpNAc_62,N62,36,major,active,AN,WSY,,1
105,N-glycan_b-D-GlcpNAc_62,N62,47,major,active,AN,WSY,,1
106,N-glycan_b-D-GlcpNAc_62,N62,69,minor,active,AN,WSY,,1
107,N-glycan_b-D-GlcpNAc_62,N62,84,minor,active,AN,WSY,,1
108,N-glycan_b-D-GlcpNAc_62,N62,1,,active,AN,WSY,,1
109,N-glycan_b-D-GlcpNAc_62,N62,42,,active,AN,WSY,,1
110,N-glycan_b-D-GlcpNAc_75,N75,36,major,active,AN,WSY,,1
111,N-glycan_b-D-GlcpNAc_75,N75,47,major,active,AN,WSY,,1
112,N-glycan_b-D-GlcpNAc_75,N75,69,minor,active,AN,WSY,,1
113,N-glycan_b-D-GlcpNAc_75,N75,84,minor,active,AN,WSY,,1
114,N-glycan_b-D-GlcpNAc_75,N75,1,,active,AN,WSY,,1
115,N-glycan_b-D-GlcpNAc_75,N75,42,,active,AN,WSY,,1
116,N-glycan_b-D-Galp_37,N37,91,,active,AN,WSY,,1
117,N-glycan_b-D-Galp_37,N37,90,,active,AN,WSY,,1
118,N-glycan_b-D-Galp_37,N37,48,,active,AN,WSY,,1
119,N-glycan_b-D-Galp_37,N37,6,,active,AN,WSY,,1
120,N-glycan_b-D-Galp_37,N37,44,,active,AN,WSY,,1
121,N-glycan_b-D-Galp_37,N37,63,,active,AN,WSY,,1
122,N-glycan_b-D-Galp_60,N60,91,,active,AN,WSY,,1
123,N-glycan_b-D-Galp_60,N60,90,,active,AN,WSY,,1
124,N-glycan_b-D-Galp_60,N60,48,,active,AN,WSY,,1
125,N-glycan_b-D-Galp_60,N60,6,,active,AN,WSY,,1
126,N-glycan_b-D-Galp_60,N60,44,,active,AN,WSY,,1
127,N-glycan_b-D-Galp_60,N60,63,,active,AN,WSY,,1
128,N-glycan_b-D-Galp_80,N80,91,,active,AN,WSY,,1
129,N-glycan_b-D-Galp_80,N80,90,,active,AN,WSY,,1
130,N-glycan_b-D-Galp_80,N80,48,,active,AN,WSY,,1
131,N-glycan_b-D-Galp_80,N80,6,,active,AN,WSY,,1
132,N-glycan_b-D-Galp_80,N80,44,,active,AN,WSY,,1
133,N-glycan_b-D-Galp_80,N80,63,,active,AN,WSY,,1
134,N-glycan_a-D-NeupNAc_17,N17,86,minor (type 1> type2),active,AN,WSY,,1
135,N-glycan_a-D-NeupNAc_17,N17,17,minor (type 1> type2),active,AN,WSY,,1
136,N-glycan_a-D-NeupNAc_17,N17,41,type 2> type1,active,AN,WSY,,1
137,N-glycan_a-D-NeupNAc_17,N17,24,type 2> type1,active,AN,WSY,,1
138,N-glycan_a-D-NeupNAc_17,N17,62,type 2,active,AN,WSY,,1
139,N-glycan_a-D-NeupNAc_17,N17,64,type 2,active,AN,WSY,,1
140,N-glycan_a-D-NeupNAc_34,N34,86,minor (type 1> type2),active,AN,WSY,,1
141,N-glycan_a-D-NeupNAc_34,N34,17,minor (type 1> type2),active,AN,WSY,,1
142,N-glycan_a-D-NeupNAc_34,N34,41,type 2> type1,active,AN,WSY,,1
143,N-glycan_a-D-NeupNAc_34,N34,24,type 2> type1,active,AN,WSY,,1
144,N-glycan_a-D-NeupNAc_34,N34,62,type 2,active,AN,WSY,,1
145,N-glycan_a-D-NeupNAc_34,N34,64,type 2,active,AN,WSY,,1
146,N-glycan_a-D-NeupNAc_38,N38,86,minor (type 1> type2),active,AN,WSY,,1
147,N-glycan_a-D-NeupNAc_38,N38,17,minor (type 1> type2),active,AN,WSY,,1
148,N-glycan_a-D-NeupNAc_38,N38,41,type 2> type1,active,AN,WSY,,1
149,N-glycan_a-D-NeupNAc_38,N38,24,type 2> type1,active,AN,WSY,,1
150,N-glycan_a-D-NeupNAc_38,N38,62,type 2,active,AN,WSY,,1
151,N-glycan_a-D-NeupNAc_38,N38,64,type 2,active,AN,WSY,,1
152,N-glycan_a-D-NeupNAc_16,N16,86,minor (type 1> type2),active,AN,WSY,,1
153,N-glycan_a-D-NeupNAc_16,N16,17,minor (type 1> type2),active,AN,WSY,,1
154,N-glycan_a-D-NeupNAc_16,N16,41,type 2> type1,active,AN,WSY,,1
155,N-glycan_a-D-NeupNAc_16,N16,24,type 2> type1,active,AN,WSY,,1
156,N-glycan_a-D-NeupNAc_16,N16,62,type 2,active,AN,WSY,,1
157,N-glycan_a-D-NeupNAc_16,N16,64,type 2,active,AN,WSY,,1
158,N-glycan_a-L-Fucp_18,N18,29,Not in mouse,active,AN,WSY,,1
159,N-glycan_a-L-Fucp_18,N18,28,,active,AN,WSY,,1
160,N-glycan_a-L-Fucp_18,N18,82,,active,AN,WSY,,1
161,N-glycan_a-L-Fucp_18,N18,30,Not in mouse,active,AN,WSY,,1
162,N-glycan_a-L-Fucp_18,N18,87,Not in mouse,active,AN,WSY,,1
163,N-glycan_a-L-Fucp_18,N18,78,,active,AN,WSY,,1
164,N-glycan_a-L-Fucp_18,N18,15,,active,AN,WSY,,1
165,N-glycan_a-L-Fucp_41,N41,39,??? May GT to GlcNAc with out attached B4Gal residue,active,AN,WSY,,1
166,N-glycan_a-L-Fucp_41,N41,66,??? May GT to GlcNAc with out attached B4Gal residue,active,AN,WSY,,1
167,N-glycan_a-L-Fucp_41,N41,71,???,active,AN,WSY,,1
168,N-glycan_a-L-Fucp_41,N41,77,???,active,AN,WSY,,1
169,N-glycan_a-D-NeupNAc_35,N35,53,Prefers a3 manose arm over a6,active,AN,WSY,,1
170,N-glycan_a-D-NeupNAc_35,N35,3,Prefers a3 manose arm over a6,active,AN,WSY,,1
171,N-glycan_a-D-NeupNAc_35,N35,52,,active,AN,WSY,,1
172,N-glycan_a-D-NeupNAc_35,N35,43,,active,AN,WSY,,1
173,N-glycan_b-D-GlcpNAc_11,N11,5,,active,AN,WSY,,1
174,N-glycan_b-D-GlcpNAc_11,N11,73,,active,AN,WSY,,1
175,N-glycan_a-D-NeupNGc_47,N47,53,Prefers a3 mannose arm over a6 - mouse enzyme utilized CMP-NeuGc 7x faster and CMP-NeuAc in vitro (Hamamoto et al 1995) - unknown preference by human enzyme - low amt of NeuGc in Human glycans as it can't be synthesized by comes from external sources,active,AN,WSY,,1
176,N-glycan_a-D-NeupNGc_47,N47,3,Prefers a3 mannose arm over a6 - mouse enzyme utilized CMP-NeuGc 7x faster and CMP-NeuAc in vitro (Hamamoto et al 1995) - unknown preference by human enzyme - low amt of NeuGc in Human glycans as it can't be synthesized by comes from external sources,active,AN,WSY,,1
177,N-glycan_a-D-NeupNGc_47,N47,52,,active,AN,WSY,,1
178,N-glycan_a-D-NeupNGc_47,N47,43,,active,AN,WSY,,1
179,N-glycan_a-D-NeupNGc_48,N48,53,Prefers a3 mannose arm over a6-  mouse enzyme utilized CMP-NeuGc 7x faster and CMP-NeuAc in vitro (Hamamoto et al 1995) unknown preference by human enzyme - low amt of NeuGc in Human glycans as it can't be synthesized by comes from external sources,active,AN,WSY,,1
180,N-glycan_a-D-NeupNGc_48,N48,3,Prefers a3 mannose arm over a6-  mouse enzyme utilized CMP-NeuGc 7x faster and CMP-NeuAc in vitro (Hamamoto et al 1995) unknown preference by human enzyme - low amt of NeuGc in Human glycans as it can't be synthesized by comes from external sources,active,AN,WSY,,1
181,N-glycan_a-D-NeupNGc_48,N48,52,,active,AN,WSY,,1
182,N-glycan_a-D-NeupNGc_48,N48,43,,active,AN,WSY,,1
183,N-glycan_a-D-NeupNGc_49,N49,53,Prefers a3 mannose arm over a6 - mouse enzyme utilized CMP-NeuGc 7x faster and CMP-NeuAc in vitro (Hamamoto et al 1995) unknown preference by human enzyme - low amt of NeuGc in Human glycans as it can't be synthesized by comes from external sources,active,AN,WSY,,1
184,N-glycan_a-D-NeupNGc_49,N49,3,Prefers a3 mannose arm over a6 - mouse enzyme utilized CMP-NeuGc 7x faster and CMP-NeuAc in vitro (Hamamoto et al 1995) unknown preference by human enzyme - low amt of NeuGc in Human glycans as it can't be synthesized by comes from external sources,active,AN,WSY,,1
185,N-glycan_a-D-NeupNGc_49,N49,52,,active,AN,WSY,,1
186,N-glycan_a-D-NeupNGc_49,N49,43,,active,AN,WSY,,1
187,N-glycan_a-D-Galp_50,N50,22,The minimal acceptor for ABO is an H-disaccharide (aFuc1-2bGal) so stuctures containing a-Gal N50 but missing a-Fuc N54 are potentially catabolic products,active,AN,WSY,,1
188,N-glycan_a-D-Galp_50,N50,14,The minimal acceptor for ABO is an H-disaccharide (aFuc1-2bGal) so stuctures containing a-Gal N50 but missing a-Fuc N54 are potentially catabolic products,active,AN,WSY,,1
191,N-glycan_a-D-Galp_39,N39,22,The minimal acceptor for ABO is an H-disaccharide (aFuc1-2bGal) so stuctures containing a-Gal N39 but missing a-Fuc N71 are potentially catabolic products,active,AN,WSY,,1
192,N-glycan_a-D-Galp_39,N39,14,The minimal acceptor for ABO is an H-disaccharide (aFuc1-2bGal) so stuctures containing a-Gal N39 but missing a-Fuc N71 are potentially catabolic products,active,AN,WSY,,1
193,N-glycan_a-D-Galp_51,N51,22,The minimal acceptor for ABO is an H-disaccharide (aFuc1-2bGal) so stuctures containing a-Gal N51 but missing a-Fuc N200 are potentially catabolic products,active,AN,WSY,,1
194,N-glycan_a-D-Galp_51,N51,14,The minimal acceptor for ABO is an H-disaccharide (aFuc1-2bGal) so stuctures containing a-Gal N51 but missing a-Fuc N200 are potentially catabolic products,active,AN,WSY,,1
195,N-glycan_b-D-Galp_32,N32,91,These enzymes will GT to B1-4 linked GlcNAc on the a3 arm mannose but b4 GlcNAc on the a6 arm (#31) is putative,active,AN,WSY,,1
196,N-glycan_b-D-Galp_32,N32,90,These enzymes will GT to B1-4 linked GlcNAc on the a3 arm mannose but b4 GlcNAc on the a6 arm (#31) is putative,active,AN,WSY,,1
197,N-glycan_b-D-Galp_32,N32,48,,active,AN,WSY,,1
198,N-glycan_b-D-Galp_32,N32,6,,active,AN,WSY,,1
199,N-glycan_b-D-Galp_32,N32,44,,active,AN,WSY,,1
200,N-glycan_b-D-Galp_32,N32,63,,active,AN,WSY,,1
201,N-glycan_a-L-Fucp_42,N42,78,Prefers Non-SO4 & Non-SA - little to no act on 3O SO4 or SA,active,AN,WSY,,1
202,N-glycan_a-L-Fucp_42,N42,15,Prefers Non-SO4 & Non-SA - little to no act on 3O SO4 or SA,active,AN,WSY,,1
203,N-glycan_a-L-Fucp_42,N42,28,Equal preference` for 3O sulf and Non-SO4 and Non-SA Type 1 and 2 - Little act on Sial,active,AN,WSY,,1
204,N-glycan_a-L-Fucp_42,N42,82,Equal preference` for 3O sulf and Non-SO4 and Non-SA Type 1 and 2 - Little act on Sial,active,AN,WSY,,1
205,N-glycan_a-L-Fucp_42,N42,29,Pref 3O sulf Type I and 2> Non-SO4 & Non-SA> Sial Type 1 & 2,active,AN,WSY,,1
206,N-glycan_a-L-Fucp_42,N42,30,Pref 3O sulf Type I and 2> Sial Type 1&2>Non-SO4 & Non-SA,active,AN,WSY,,1
207,N-glycan_a-L-Fucp_42,N42,87,Pref 3O sulf Type I and 2> Sial Type 1&2>Non-SO4 & Non-SA,active,AN,WSY,,1
208,N-glycan_a-L-Fucp_43,N43,78,Prefers Non-SO4 & Non-SA - little to no act on 3O SO4 or SA,active,AN,WSY,,1
209,N-glycan_a-L-Fucp_43,N43,15,Prefers Non-SO4 & Non-SA - little to no act on 3O SO4 or SA,active,AN,WSY,,1
210,N-glycan_a-L-Fucp_43,N43,28,Equal preference for 3O sulf and Non-SO4 and Non-SA Type 1 and 2 - Little act on Sial,active,AN,WSY,,1
211,N-glycan_a-L-Fucp_43,N43,82,Equal preference for 3O sulf and Non-SO4 and Non-SA Type 1 and 2 - Little act on Sial,active,AN,WSY,,1
212,N-glycan_a-L-Fucp_43,N43,29,Pref 3O sulf Type I and 2> Non-SO4 & Non-SA> Sial Type 1 & 2,active,AN,WSY,,1
213,N-glycan_a-L-Fucp_43,N43,30,Pref 3O sulf Type I and 2> Sial Type 1&2>Non-SO4 & Non-SA,active,AN,WSY,,1
214,N-glycan_a-L-Fucp_43,N43,87,Pref 3O sulf Type I and 2> Sial Type 1&2>Non-SO4 & Non-SA,active,AN,WSY,,1
215,N-glycan_b-D-Galp_44,N44,74,,active,AN,WSY,,1
216,N-glycan_b-D-Galp_44,N44,55,,active,AN,WSY,,1
217,N-glycan_b-D-Galp_44,N44,81,,active,AN,WSY,,1
218,N-glycan_b-D-Galp_44,N44,11,,active,AN,WSY,,1
219,N-glycan_a-D-NeupNAc_46,N46,86,minor (type 1> type2),active,AN,WSY,,1
220,N-glycan_a-D-NeupNAc_46,N46,17,minor (type 1> type2),active,AN,WSY,,1
221,N-glycan_a-D-NeupNAc_46,N46,41,type 2> type1,active,AN,WSY,,1
222,N-glycan_a-D-NeupNAc_46,N46,24,type 2> type1,active,AN,WSY,,1
223,N-glycan_a-D-NeupNAc_46,N46,62,type 2,active,AN,WSY,,1
224,N-glycan_a-D-NeupNAc_46,N46,64,type 2,active,AN,WSY,,1
225,N-glycan_a-D-Galp_52,N52,22,The minimal acceptor for ABO is an H-disaccharide (aFuc1-2bGal) so stuctures containing a-Gal N52 but missing a-Fuc N53 are potentially catabolic products,active,AN,WSY,,1
226,N-glycan_a-D-Galp_52,N52,14,The minimal acceptor for ABO is an H-disaccharide (aFuc1-2bGal) so stuctures containing a-Gal N52 but missing a-Fuc N53 are potentially catabolic products,active,AN,WSY,,1
227,N-glycan_a-L-Fucp_53,N53,65,,active,AN,WSY,,1
228,N-glycan_a-L-Fucp_53,N53,61,,active,AN,WSY,,1
229,N-glycan_a-L-Fucp_53,N53,4,,active,AN,WSY,,1
230,N-glycan_a-L-Fucp_53,N53,72,,active,AN,WSY,,1
231,N-glycan_a-L-Fucp_53,N53,68,not in human,active,AN,WSY,,1
232,N-glycan_a-L-Fucp_54,N54,65,,active,AN,WSY,,1
233,N-glycan_a-L-Fucp_54,N54,61,,active,AN,WSY,,1
234,N-glycan_a-L-Fucp_54,N54,4,,active,AN,WSY,,1
235,N-glycan_a-L-Fucp_54,N54,72,,active,AN,WSY,,1
236,N-glycan_a-L-Fucp_54,N54,68,not in human,active,AN,WSY,,1
237,N-glycan_a-D-NeupNGc_55,N55,86,minor (type 1> type2),active,AN,WSY,,1
238,N-glycan_a-D-NeupNGc_55,N55,17,minor (type 1> type2),active,AN,WSY,,1
239,N-glycan_a-D-NeupNGc_55,N55,41,type 2> type1,active,AN,WSY,,1
240,N-glycan_a-D-NeupNGc_55,N55,24,type 2> type1,active,AN,WSY,,1
241,N-glycan_a-D-NeupNGc_55,N55,62,type 2,active,AN,WSY,,1
242,N-glycan_a-D-NeupNGc_55,N55,64,type 2,active,AN,WSY,,1
243,N-glycan_a-D-NeupNGc_56,N56,86,minor (type 1> type2),active,AN,WSY,,1
244,N-glycan_a-D-NeupNGc_56,N56,17,minor (type 1> type2),active,AN,WSY,,1
245,N-glycan_a-D-NeupNGc_56,N56,41,type 2> type1,active,AN,WSY,,1
246,N-glycan_a-D-NeupNGc_56,N56,24,type 2> type1,active,AN,WSY,,1
247,N-glycan_a-D-NeupNGc_56,N56,62,type 2,active,AN,WSY,,1
248,N-glycan_a-D-NeupNGc_56,N56,64,type 2,active,AN,WSY,,1
249,N-glycan_a-D-NeupNGc_57,N57,86,minor (type 1> type2),active,AN,WSY,,1
250,N-glycan_a-D-NeupNGc_57,N57,17,minor (type 1> type2),active,AN,WSY,,1
251,N-glycan_a-D-NeupNGc_57,N57,41,type 2> type1,active,AN,WSY,,1
252,N-glycan_a-D-NeupNGc_57,N57,24,type 2> type1,active,AN,WSY,,1
253,N-glycan_a-D-NeupNGc_57,N57,62,type 2,active,AN,WSY,,1
254,N-glycan_a-D-NeupNGc_57,N57,64,type 2,active,AN,WSY,,1
255,N-glycan_b-D-Galp_63,N63,91,,active,AN,WSY,,1
256,N-glycan_b-D-Galp_63,N63,90,,active,AN,WSY,,1
257,N-glycan_b-D-Galp_63,N63,48,,active,AN,WSY,,1
258,N-glycan_b-D-Galp_63,N63,6,,active,AN,WSY,,1
259,N-glycan_b-D-Galp_63,N63,44,,active,AN,WSY,,1
260,N-glycan_b-D-Galp_63,N63,63,,active,AN,WSY,,1
261,N-glycan_a-D-NeupNAc_58,N58,86,minor (type 1> type2),active,AN,WSY,,1
262,N-glycan_a-D-NeupNAc_58,N58,17,minor (type 1> type2),active,AN,WSY,,1
263,N-glycan_a-D-NeupNAc_58,N58,41,type 2> type1,active,AN,WSY,,1
264,N-glycan_a-D-NeupNAc_58,N58,24,type 2> type1,active,AN,WSY,,1
265,N-glycan_a-D-NeupNAc_58,N58,62,type 2,active,AN,WSY,,1
266,N-glycan_a-D-NeupNAc_58,N58,64,type 2,active,AN,WSY,,1
267,N-glycan_a-D-NeupNAc_61,N61,86,minor (type 1> type2),active,AN,WSY,,1
268,N-glycan_a-D-NeupNAc_61,N61,17,minor (type 1> type2),active,AN,WSY,,1
269,N-glycan_a-D-NeupNAc_61,N61,41,type 2> type1,active,AN,WSY,,1
270,N-glycan_a-D-NeupNAc_61,N61,24,type 2> type1,active,AN,WSY,,1
271,N-glycan_a-D-NeupNAc_61,N61,62,type 2,active,AN,WSY,,1
272,N-glycan_a-D-NeupNAc_61,N61,64,type 2,active,AN,WSY,,1
273,N-glycan_a-D-NeupNAc_64,N64,86,minor (type 1> type2),active,AN,WSY,,1
274,N-glycan_a-D-NeupNAc_64,N64,17,minor (type 1> type2),active,AN,WSY,,1
275,N-glycan_a-D-NeupNAc_64,N64,41,type 2> type1,active,AN,WSY,,1
276,N-glycan_a-D-NeupNAc_64,N64,24,type 2> type1,active,AN,WSY,,1
277,N-glycan_a-D-NeupNAc_64,N64,62,type 2,active,AN,WSY,,1
278,N-glycan_a-D-NeupNAc_64,N64,64,type 2,active,AN,WSY,,1
279,N-glycan_b-D-GalpNAc_29,N29,26,,active,AN,WSY,,1
280,N-glycan_b-D-GalpNAc_29,N29,20,,active,AN,WSY,,1
281,N-glycan_b-D-GalpNAc_29,N29,10,,active,AN,WSY,,1
282,N-glycan_b-D-GalpNAc_29,N29,8,,active,AN,WSY,,1
283,N-glycan_b-D-GalpNAc_30,N30,26,,active,AN,WSY,,1
284,N-glycan_b-D-GalpNAc_30,N30,20,,active,AN,WSY,,1
285,N-glycan_b-D-GalpNAc_30,N30,10,,active,AN,WSY,,1
286,N-glycan_b-D-GalpNAc_30,N30,8,,active,AN,WSY,,1
287,N-glycan_a-D-NeupNAc_73,N73,86,minor (type 1> type2),active,AN,WSY,,1
288,N-glycan_a-D-NeupNAc_73,N73,17,minor (type 1> type2),active,AN,WSY,,1
289,N-glycan_a-D-NeupNAc_73,N73,41,type 2> type1,active,AN,WSY,,1
290,N-glycan_a-D-NeupNAc_73,N73,24,type 2> type1,active,AN,WSY,,1
291,N-glycan_a-D-NeupNAc_73,N73,62,type 2,active,AN,WSY,,1
292,N-glycan_a-D-NeupNAc_73,N73,64,type 2,active,AN,WSY,,1
293,N-glycan_a-D-NeupNAc_101,N101,86,minor (type 1> type2),active,AN,WSY,,1
294,N-glycan_a-D-NeupNAc_101,N101,17,minor (type 1> type2),active,AN,WSY,,1
295,N-glycan_a-D-NeupNAc_101,N101,41,type 2> type1,active,AN,WSY,,1
296,N-glycan_a-D-NeupNAc_101,N101,24,type 2> type1,active,AN,WSY,,1
297,N-glycan_a-D-NeupNAc_101,N101,62,type 2,active,AN,WSY,,1
298,N-glycan_a-D-NeupNAc_101,N101,64,type 2,active,AN,WSY,,1
299,N-glycan_b-D-Galp_86,N86,74,,active,AN,WSY,,1
300,N-glycan_b-D-Galp_86,N86,55,,active,AN,WSY,,1
301,N-glycan_b-D-Galp_86,N86,81,,active,AN,WSY,,1
302,N-glycan_b-D-Galp_86,N86,11,,active,AN,WSY,,1
303,N-glycan_core_D-GlcNAc_A,NA,34,,active,AN,WSY,,1
304,N-glycan_core_D-GlcNAc_A,NA,45,,active,AN,WSY,,1
305,N-glycan_a-L-Fucp_71,N71,65,,active,AN,WSY,,1
306,N-glycan_a-L-Fucp_71,N71,61,,active,AN,WSY,,1
307,N-glycan_a-L-Fucp_71,N71,4,,active,AN,WSY,,1
308,N-glycan_a-L-Fucp_71,N71,72,,active,AN,WSY,,1
309,N-glycan_a-L-Fucp_71,N71,68,not in human,active,AN,WSY,,1
310,N-glycan_b-D-GlcpNAc_65,N65,36,major,active,AN,WSY,,1
311,N-glycan_b-D-GlcpNAc_65,N65,47,major,active,AN,WSY,,1
312,N-glycan_b-D-GlcpNAc_65,N65,69,minor,active,AN,WSY,,1
313,N-glycan_b-D-GlcpNAc_65,N65,84,minor,active,AN,WSY,,1
314,N-glycan_b-D-GlcpNAc_65,N65,1,,active,AN,WSY,,1
315,N-glycan_b-D-GlcpNAc_65,N65,42,,active,AN,WSY,,1
316,N-glycan_b-D-Galp_66,N66,91,,active,AN,WSY,,1
317,N-glycan_b-D-Galp_66,N66,90,,active,AN,WSY,,1
318,N-glycan_b-D-Galp_66,N66,48,,active,AN,WSY,,1
319,N-glycan_b-D-Galp_66,N66,6,,active,AN,WSY,,1
320,N-glycan_b-D-Galp_66,N66,44,,active,AN,WSY,,1
321,N-glycan_b-D-Galp_66,N66,63,,active,AN,WSY,,1
322,N-glycan_b-D-GlcpNAc_67,N67,36,major,active,AN,WSY,,1
323,N-glycan_b-D-GlcpNAc_67,N67,47,major,active,AN,WSY,,1
324,N-glycan_b-D-GlcpNAc_67,N67,69,minor,active,AN,WSY,,1
325,N-glycan_b-D-GlcpNAc_67,N67,84,minor,active,AN,WSY,,1
326,N-glycan_b-D-GlcpNAc_67,N67,1,,active,AN,WSY,,1
327,N-glycan_b-D-GlcpNAc_67,N67,42,,active,AN,WSY,,1
328,N-glycan_b-D-Galp_68,N68,91,,active,AN,WSY,,1
329,N-glycan_b-D-Galp_68,N68,90,,active,AN,WSY,,1
330,N-glycan_b-D-Galp_68,N68,48,,active,AN,WSY,,1
331,N-glycan_b-D-Galp_68,N68,6,,active,AN,WSY,,1
332,N-glycan_b-D-Galp_68,N68,44,,active,AN,WSY,,1
333,N-glycan_b-D-Galp_68,N68,63,,active,AN,WSY,,1
342,N-glycan_b-D-GalpNAc_72,N72,26,,active,AN,WSY,,1
343,N-glycan_b-D-GalpNAc_72,N72,20,,active,AN,WSY,,1
344,N-glycan_b-D-GalpNAc_72,N72,10,,active,AN,WSY,,1
345,N-glycan_b-D-GalpNAc_72,N72,8,,active,AN,WSY,,1
346,N-glycan_b-D-GalpNAc_74,N74,26,,active,AN,WSY,,1
347,N-glycan_b-D-GalpNAc_74,N74,20,,active,AN,WSY,,1
348,N-glycan_b-D-GalpNAc_74,N74,10,,active,AN,WSY,,1
349,N-glycan_b-D-GalpNAc_74,N74,8,,active,AN,WSY,,1
350,N-glycan_a-D-GalpNAc_97,N97,14,The minimal acceptor for ABO is an H-disaccharide (aFuc1-2bGal) so stuctures containing a-GalNAc N97 but missing a-Fuc N53 are potentially catabolic products,active,NE,NE,,0
351,N-glycan_a-D-GalpNAc_97,N97,22,The minimal acceptor for ABO is an H-disaccharide (aFuc1-2bGal) so stuctures containing a-GalNAc N97 but missing a-Fuc N53 are potentially catabolic products,active,NE,NE,,0
352,N-glycan_a-D-GalpNAc_104,N104,14,The minimal acceptor for ABO is an H-disaccharide (aFuc1-2bGal) so stuctures containing a-GalNAc N104 but missing a-Fuc N54 are potentially catabolic products,active,NE,NE,,0
353,N-glycan_a-D-GalpNAc_104,N104,22,The minimal acceptor for ABO is an H-disaccharide (aFuc1-2bGal) so stuctures containing a-GalNAc N104 but missing a-Fuc N54 are potentially catabolic products,active,NE,NE,,0
354,N-glycan_a-D-GalpNAc_527,N527,14,The minimal acceptor for ABO is an H-disaccharide (aFuc1-2bGal) so stuctures containing a-GalNAc N527 but missing a-Fuc N71 are potentially catabolic products,active,NE,NE,,0
355,N-glycan_a-D-GalpNAc_527,N527,22,The minimal acceptor for ABO is an H-disaccharide (aFuc1-2bGal) so stuctures containing a-GalNAc N527 but missing a-Fuc N71 are potentially catabolic products,active,NE,NE,,0
356,N-glycan_a-D-GalpNAc_528,N528,14,The minimal acceptor for ABO is an H-disaccharide (aFuc1-2bGal) so stuctures containing a-GalNAc N528 but missing a-Fuc N200 are potentially catabolic products,active,NE,NE,,0
357,N-glycan_a-D-GalpNAc_528,N528,22,The minimal acceptor for ABO is an H-disaccharide (aFuc1-2bGal) so stuctures containing a-GalNAc N528 but missing a-Fuc N200 are potentially catabolic products,active,NE,NE,,0
358,O-glycan_a-D-GalpNAc_C,OC,114,,active,NE,NE,,0
359,O-glycan_a-D-GalpNAc_C,OC,113,,active,NE,NE,,0
360,O-glycan_b-D-Galp_152,O152,93,,active,NE,NE,,0
361,O-glycan_b-D-Galp_152,O152,94,,active,NE,NE,,0
362,O-glycan_a-L-Fucp_154,O154,65,,active,NE,NE,,0
363,O-glycan_a-L-Fucp_154,O154,68,,active,NE,NE,,0
364,O-glycan_a-L-Fucp_154,O154,4,,active,NE,NE,,0
365,O-glycan_a-L-Fucp_154,O154,61,,active,NE,NE,,0
366,O-glycan_a-L-Fucp_154,O154,72,,active,NE,NE,,0
367,O-glycan_a-D-GalpNAc_162,O162,22,,active,NE,NE,,0
368,O-glycan_a-D-GalpNAc_162,O162,14,,active,NE,NE,,0
369,O-glycan_a-D-Galp_532,O532,22,,active,NE,NE,,0
370,O-glycan_a-D-Galp_532,O532,14,,active,NE,NE,,0
371,O-glycan_a-D-NeupNAc_168,O168,97,,active,NE,NE,,0
372,O-glycan_a-D-NeupNAc_168,O168,98,,active,NE,NE,,0
373,O-glycan_b-D-Galp_152,O152,95,,active,NE,NE,,0
374,O-glycan_b-D-Galp_152,O152,96,,active,NE,NE,,0
375,O-glycan_a-D-NeupNAc_535,O535,101,,active,NE,NE,,0
376,O-glycan_a-D-NeupNAc_535,O535,103,,active,NE,NE,,0
377,O-glycan_a-D-NeupNAc_535,O535,105,,active,NE,NE,,0
378,O-glycan_a-D-NeupNAc_535,O535,107,,active,NE,NE,,0
379,O-glycan_a-D-NeupNAc_535,O535,109,,active,NE,NE,,0
380,O-glycan_a-D-NeupNAc_535,O535,111,,active,NE,NE,,0
381,O-glycan_a-D-NeupNAc_535,O535,104,,active,NE,NE,,0
382,O-glycan_a-D-NeupNAc_535,O535,106,,active,NE,NE,,0
383,O-glycan_a-D-NeupNAc_535,O535,108,,active,NE,NE,,0
384,O-glycan_a-D-NeupNAc_535,O535,110,,active,NE,NE,,0
385,O-glycan_a-D-NeupNAc_535,O535,112,,active,NE,NE,,0
386,O-glycan_core_a-D-GalpNAc_C,OC,115,,active,NE,NE,,0
387,O-glycan_core_a-D-GalpNAc_C,OC,116,,active,NE,NE,,0
388,O-glycan_core_a-D-GalpNAc_C,OC,117,,active,NE,NE,,0
389,O-glycan_core_a-D-GalpNAc_C,OC,118,,active,NE,NE,,0
390,O-glycan_core_a-D-GalpNAc_C,OC,129,,active,NE,NE,,0
391,O-glycan_core_a-D-GalpNAc_C,OC,130,,active,NE,NE,,0
392,O-glycan_core_a-D-GalpNAc_C,OC,131,,active,NE,NE,,0
393,O-glycan_core_a-D-GalpNAc_C,OC,132,,active,NE,NE,,0
394,O-glycan_core_a-D-GalpNAc_C,OC,133,,active,NE,NE,,0
395,O-glycan_core_a-D-GalpNAc_C,OC,134,,active,NE,NE,,0
396,O-glycan_core_a-D-GalpNAc_C,OC,135,,active,NE,NE,,0
397,O-glycan_core_a-D-GalpNAc_C,OC,136,,active,NE,NE,,0
398,O-glycan_core_a-D-GalpNAc_C,OC,137,,active,NE,NE,,0
399,O-glycan_core_a-D-GalpNAc_C,OC,138,,active,NE,NE,,0
400,O-glycan_core_a-D-GalpNAc_C,OC,141,,active,NE,NE,,0
401,O-glycan_core_a-D-GalpNAc_C,OC,142,,active,NE,NE,,0
402,O-glycan_core_a-D-GalpNAc_C,OC,139,,active,NE,NE,,0
403,O-glycan_core_a-D-GalpNAc_C,OC,140,,active,NE,NE,,0
404,O-glycan_core_a-D-GalpNAc_C,OC,147,,active,NE,NE,,0
405,O-glycan_core_a-D-GalpNAc_C,OC,148,,active,NE,NE,,0
406,O-glycan_core_a-D-GalpNAc_C,OC,143,,active,NE,NE,,0
407,O-glycan_core_a-D-GalpNAc_C,OC,144,,active,NE,NE,,0
408,O-glycan_core_a-D-GalpNAc_C,OC,119,,active,NE,NE,,0
409,O-glycan_core_a-D-GalpNAc_C,OC,120,,active,NE,NE,,0
410,O-glycan_core_a-D-GalpNAc_C,OC,121,,active,NE,NE,,0
411,O-glycan_core_a-D-GalpNAc_C,OC,122,,active,NE,NE,,0
412,O-glycan_core_a-D-GalpNAc_C,OC,123,,active,NE,NE,,0
413,O-glycan_core_a-D-GalpNAc_C,OC,124,,active,NE,NE,,0
414,O-glycan_core_a-D-GalpNAc_C,OC,125,,active,NE,NE,,0
415,O-glycan_core_a-D-GalpNAc_C,OC,126,,active,NE,NE,,0
416,O-glycan_core_a-D-GalpNAc_C,OC,127,,active,NE,NE,,0
417,O-glycan_core_a-D-GalpNAc_C,OC,128,,active,NE,NE,,0
418,O-glycan_core_a-D-GalpNAc_C,OC,145,,active,NE,NE,,0
419,O-glycan_core_a-D-GalpNAc_C,OC,146,,active,NE,NE,,0
420,O-glycan_core_a-D-GalpNAc_C,OC,149,,active,NE,NE,,0
421,O-glycan_core_a-D-GalpNAc_C,OC,150,,active,NE,NE,,0
422,O-glycan_a-D-GlcpNAc_537,O537,99,,active,NE,NE,,0
423,O-glycan_a-D-GlcpNAc_537,O537,100,,active,NE,NE,,0
424,O-glycan_b-D-GlcpNAc_153,O153,151,,active,NE,NE,,0
425,O-glycan_b-D-GlcpNAc_153,O153,152,,active,NE,NE,,0
426,O-glycan_b-D-GlcpNAc_538,O538,153,,active,NE,NE,,0
427,O-glycan_b-D-GlcpNAc_538,O538,154,,active,NE,NE,,0
428,O-glycan_b-D-GlcpNAc_538,O538,155,,active,NE,NE,,0
429,O-glycan_b-D-GlcpNAc_538,O538,156,,active,NE,NE,,0
430,O-glycan_b-D-GlcpNAc_538,O538,157,,active,NE,NE,,0
431,O-glycan_b-D-GlcpNAc_538,O538,158,,active,NE,NE,,0
434,O-glycan_b-D-GlcpNAc_157,O157,155,,active,NE,NE,,0
435,O-glycan_b-D-GlcpNAc_157,O157,156,,active,NE,NE,,0
436,O-glycan_b-D-GlcpNAc_157,O157,157,,active,NE,NE,,0
437,O-glycan_b-D-GlcpNAc_157,O157,158,,active,NE,NE,,0
438,O-glycan_b-D-GlcpNAc_156,O156,161,,active,NE,NE,,0
439,O-glycan_b-D-GlcpNAc_156,O156,162,,active,NE,NE,,0
440,O-glycan_a-D-Galp_759,O759,163,,active,NE,NE,,0
441,O-glycan_a-D-Galp_759,O759,164,,active,NE,NE,,0
442,O-glycan_b-D-Galp_539,O539,90,,active,NE,NE,,0
443,O-glycan_b-D-Galp_539,O539,91,,active,NE,NE,,0
444,O-glycan_b-D-Galp_539,O539,6,,active,NE,NE,,0
445,O-glycan_b-D-Galp_539,O539,48,,active,NE,NE,,0
446,O-glycan_b-D-GlcpNAc_577,O577,36,,active,NE,NE,,0
447,O-glycan_b-D-GlcpNAc_577,O577,47,,active,NE,NE,,0
448,O-glycan_b-D-GlcpNAc_577,O577,69,,active,NE,NE,,0
449,O-glycan_b-D-GlcpNAc_577,O577,84,,active,NE,NE,,0
450,O-glycan_b-D-GlcpNAc_577,O577,1,,active,NE,NE,,0
451,O-glycan_b-D-GlcpNAc_577,O577,42,,active,NE,NE,,0
454,O-glycan_b-D-GlcpNAc_157,O157,153,,active,NE,NE,,0
455,O-glycan_b-D-GlcpNAc_157,O157,154,,active,NE,NE,,0
456,O-glycan_b-D-Galp_158,O158,90,,active,NE,NE,,0
457,O-glycan_b-D-Galp_158,O158,91,,active,NE,NE,,0
458,O-glycan_b-D-Galp_158,O158,6,,active,NE,NE,,0
459,O-glycan_b-D-Galp_158,O158,48,,active,NE,NE,,0
460,O-glycan_b-D-Galp_555,O555,90,,active,NE,NE,,0
461,O-glycan_b-D-Galp_555,O555,91,,active,NE,NE,,0
462,O-glycan_b-D-Galp_555,O555,6,,active,NE,NE,,0
463,O-glycan_b-D-Galp_555,O555,48,,active,NE,NE,,0
464,O-glycan_b-D-GlcpNAc_672,O672,151,,active,NE,NE,,0
465,O-glycan_b-D-GlcpNAc_672,O672,152,,active,NE,NE,,0
466,O-glycan_a-L-Fucp_167,O167,61,,active,NE,NE,,0
467,O-glycan_a-L-Fucp_167,O167,65,,active,NE,NE,,0
468,O-glycan_a-L-Fucp_167,O167,4,,active,NE,NE,,0
469,O-glycan_a-L-Fucp_167,O167,72,,active,NE,NE,,0
470,O-glycan_a-L-Fucp_167,O167,68,,active,NE,NE,,0
471,O-glycan_a-D-NeupNAc_159,O159,97,,active,NE,NE,,0
472,O-glycan_a-D-NeupNAc_159,O159,98,,active,NE,NE,,0
473,O-glycan_a-D-GlcpNAc_613,O613,99,,active,NE,NE,,0
474,O-glycan_a-D-GlcpNAc_613,O613,100,,active,NE,NE,,0
475,O-glycan_b-D-Galp_644,O644,90,,active,NE,NE,,0
476,O-glycan_b-D-Galp_644,O644,91,,active,NE,NE,,0
477,O-glycan_b-D-Galp_644,O644,6,,active,NE,NE,,0
478,O-glycan_b-D-Galp_644,O644,48,,active,NE,NE,,0
479,O-glycan_b-D-GalpNAc_581,O581,20,,active,NE,NE,,0
480,O-glycan_b-D-GalpNAc_581,O581,26,,active,NE,NE,,0
481,O-glycan_b-D-GalpNAc_581,O581,8,,active,NE,NE,,0
482,O-glycan_b-D-GalpNAc_581,O581,10,,active,NE,NE,,0
483,O-glycan_a-L-Fucp_548,O548,39,,active,NE,NE,,0
484,O-glycan_a-L-Fucp_548,O548,66,,active,NE,NE,,0
485,O-glycan_a-L-Fucp_548,O548,71,,active,NE,NE,,0
486,O-glycan_a-L-Fucp_548,O548,77,,active,NE,NE,,0
487,O-glycan_a-L-Fucp_548,O548,28,,active,NE,NE,,0
488,O-glycan_a-L-Fucp_548,O548,82,,active,NE,NE,,0
489,O-glycan_a-L-Fucp_548,O548,15,,active,NE,NE,,0
490,O-glycan_a-L-Fucp_548,O548,78,,active,NE,NE,,0
491,O-glycan_a-D-NeupNAc_760,O760,101,,active,NE,NE,,0
492,O-glycan_a-D-NeupNAc_760,O760,103,,active,NE,NE,,0
493,O-glycan_a-D-NeupNAc_760,O760,104,,active,NE,NE,,0
494,O-glycan_a-D-NeupNAc_760,O760,105,,active,NE,NE,,0
495,O-glycan_a-D-NeupNAc_760,O760,106,,active,NE,NE,,0
496,O-glycan_a-D-NeupNAc_760,O760,107,,active,NE,NE,,0
497,O-glycan_a-D-NeupNAc_760,O760,108,,active,NE,NE,,0
498,O-glycan_a-D-NeupNAc_760,O760,109,,active,NE,NE,,0
499,O-glycan_a-D-NeupNAc_760,O760,110,,active,NE,NE,,0
500,O-glycan_a-D-NeupNAc_760,O760,111,,active,NE,NE,,0
501,O-glycan_a-D-NeupNAc_760,O760,112,,active,NE,NE,,0
502,O-glycan_a-D-NeupNAc_761,O761,97,,active,NE,NE,,0
503,O-glycan_a-D-NeupNAc_761,O761,98,,active,NE,NE,,0
504,O-glycan_a-D-NeupNAc_761,O761,195,,active,NE,NE,,0
505,O-glycan_a-D-NeupNAc_761,O761,196,,active,NE,NE,,0
506,O-glycan_a-D-NeupNAc_761,O761,17,,active,NE,NE,,0
507,O-glycan_a-D-NeupNAc_761,O761,86,,active,NE,NE,,0
508,O-glycan_a-D-NeupNAc_761,O761,24,,active,NE,NE,,0
509,O-glycan_a-D-NeupNAc_761,O761,41,,active,NE,NE,,0
510,O-glycan_a-D-NeupNAc_761,O761,197,,active,NE,NE,,0
511,O-glycan_a-D-NeupNAc_761,O761,198,,active,NE,NE,,0
512,O-glycan_a-D-NeupNAc_761,O761,62,,active,NE,NE,,0
513,O-glycan_a-D-NeupNAc_761,O761,64,,active,NE,NE,,0
514,O-glycan_b-D-GalpNAc_762,O762,20,,active,NE,NE,,0
515,O-glycan_b-D-GalpNAc_762,O762,26,,active,NE,NE,,0
516,O-glycan_b-D-GalpNAc_762,O762,8,,active,NE,NE,,0
517,O-glycan_b-D-GalpNAc_762,O762,10,,active,NE,NE,,0
518,O-glycan_b-D-Galp_158,O158,44,,active,NE,NE,,0
519,O-glycan_b-D-Galp_158,O158,63,,active,NE,NE,,0
520,O-glycan_b-D-Galp_158,O158,183,,active,NE,NE,,0
521,O-glycan_b-D-Galp_158,O158,184,,active,NE,NE,,0
522,O-glycan_b-D-Galp_158,O158,181,,active,NE,NE,,0
523,O-glycan_b-D-Galp_158,O158,182,,active,NE,NE,,0
524,O-glycan_b-D-Galp_544,O544,55,,active,NE,NE,,0
525,O-glycan_b-D-Galp_544,O544,74,,active,NE,NE,,0
526,O-glycan_b-D-Galp_544,O544,11,,active,NE,NE,,0
527,O-glycan_b-D-Galp_544,O544,81,,active,NE,NE,,0
530,O-glycan_b-D-Galp_544,O544,199,,active,NE,NE,,0
531,O-glycan_b-D-Galp_544,O544,200,,active,NE,NE,,0
532,O-glycan_b-D-Galp_544,O544,203,,active,NE,NE,,0
533,O-glycan_b-D-Galp_544,O544,204,,active,NE,NE,,0
536,O-glycan_b-D-Galp_540,O540,199,,active,NE,NE,,0
537,O-glycan_b-D-Galp_540,O540,200,,active,NE,NE,,0
538,O-glycan_b-D-Galp_540,O540,55,,active,NE,NE,,0
539,O-glycan_b-D-Galp_540,O540,74,,active,NE,NE,,0
540,O-glycan_b-D-Galp_540,O540,203,,active,NE,NE,,0
541,O-glycan_b-D-Galp_540,O540,204,,active,NE,NE,,0
542,O-glycan_b-D-Galp_540,O540,11,,active,NE,NE,,0
543,O-glycan_b-D-Galp_540,O540,81,,active,NE,NE,,0
544,O-glycan_a-D-NeupNAc_590,O590,97,,active,NE,NE,,0
545,O-glycan_a-D-NeupNAc_590,O590,98,,active,NE,NE,,0
546,O-glycan_a-D-NeupNAc_590,O590,195,,active,NE,NE,,0
547,O-glycan_a-D-NeupNAc_590,O590,196,,active,NE,NE,,0
548,O-glycan_a-D-NeupNAc_590,O590,17,,active,NE,NE,,0
549,O-glycan_a-D-NeupNAc_590,O590,86,,active,NE,NE,,0
550,O-glycan_a-D-NeupNAc_590,O590,24,,active,NE,NE,,0
551,O-glycan_a-D-NeupNAc_590,O590,41,,active,NE,NE,,0
552,O-glycan_a-D-NeupNAc_590,O590,197,,active,NE,NE,,0
553,O-glycan_a-D-NeupNAc_590,O590,198,,active,NE,NE,,0
554,O-glycan_a-D-NeupNAc_590,O590,62,,active,NE,NE,,0
555,O-glycan_a-D-NeupNAc_590,O590,64,,active,NE,NE,,0
556,O-glycan_a-D-NeupNAc_586,O586,97,,active,NE,NE,,0
557,O-glycan_a-D-NeupNAc_586,O586,98,,active,NE,NE,,0
558,O-glycan_a-D-NeupNAc_586,O586,195,,active,NE,NE,,0
559,O-glycan_a-D-NeupNAc_586,O586,196,,active,NE,NE,,0
560,O-glycan_a-D-NeupNAc_586,O586,17,,active,NE,NE,,0
561,O-glycan_a-D-NeupNAc_586,O586,86,,active,NE,NE,,0
562,O-glycan_a-D-NeupNAc_586,O586,24,,active,NE,NE,,0
563,O-glycan_a-D-NeupNAc_586,O586,41,,active,NE,NE,,0
564,O-glycan_a-D-NeupNAc_586,O586,197,,active,NE,NE,,0
565,O-glycan_a-D-NeupNAc_586,O586,198,,active,NE,NE,,0
566,O-glycan_a-D-NeupNAc_586,O586,62,,active,NE,NE,,0
567,O-glycan_a-D-NeupNAc_586,O586,64,,active,NE,NE,,0
568,O-glycan_b-D-Galp_539,O539,44,,active,NE,NE,,0
569,O-glycan_b-D-Galp_539,O539,63,,active,NE,NE,,0
570,O-glycan_b-D-Galp_539,O539,183,,active,NE,NE,,0
571,O-glycan_b-D-Galp_539,O539,184,,active,NE,NE,,0
572,O-glycan_b-D-Galp_539,O539,181,,active,NE,NE,,0
573,O-glycan_b-D-Galp_539,O539,182,,active,NE,NE,,0
574,O-glycan_a-D-NeupNAc_159,O159,195,,active,NE,NE,,0
575,O-glycan_a-D-NeupNAc_159,O159,196,,active,NE,NE,,0
576,O-glycan_a-D-NeupNAc_159,O159,17,,active,NE,NE,,0
577,O-glycan_a-D-NeupNAc_159,O159,86,,active,NE,NE,,0
578,O-glycan_a-D-NeupNAc_159,O159,24,,active,NE,NE,,0
579,O-glycan_a-D-NeupNAc_159,O159,41,,active,NE,NE,,0
580,O-glycan_a-D-NeupNAc_159,O159,197,,active,NE,NE,,0
581,O-glycan_a-D-NeupNAc_159,O159,198,,active,NE,NE,,0
582,O-glycan_a-D-NeupNAc_159,O159,62,,active,NE,NE,,0
583,O-glycan_a-D-NeupNAc_159,O159,64,,active,NE,NE,,0
584,O-glycan_b-D-GlcpNAc_582,O582,36,,active,NE,NE,,0
585,O-glycan_b-D-GlcpNAc_582,O582,47,,active,NE,NE,,0
586,O-glycan_b-D-GlcpNAc_582,O582,69,,active,NE,NE,,0
587,O-glycan_b-D-GlcpNAc_582,O582,84,,active,NE,NE,,0
588,O-glycan_b-D-GlcpNAc_582,O582,1,,active,NE,NE,,0
589,O-glycan_b-D-GlcpNAc_582,O582,42,,active,NE,NE,,0
592,O-glycan_b-D-GlcpNAc_582,O582,205,,active,NE,NE,,0
593,O-glycan_b-D-GlcpNAc_582,O582,206,,active,NE,NE,,0
594,O-glycan_a-D-Galp_557,O557,159,,proposed,NE,NE,,0
595,O-glycan_a-D-Galp_557,O557,160,,proposed,NE,NE,,0
596,O-glycan_a-D-Galp_557,O557,163,,proposed,NE,NE,,0
597,O-glycan_a-D-Galp_557,O557,164,,proposed,NE,NE,,0
598,O-glycan_a-D-NeupNAc_588,O588,3,,active,NE,NE,,0
599,O-glycan_a-D-NeupNAc_588,O588,53,,active,NE,NE,,0
600,O-glycan_a-D-NeupNAc_588,O588,43,,active,NE,NE,,0
601,O-glycan_a-D-NeupNAc_588,O588,52,,active,NE,NE,,0
602,O-glycan_a-D-Galp_570,O570,159,,proposed,NE,NE,,0
603,O-glycan_a-D-Galp_570,O570,160,,proposed,NE,NE,,0
604,O-glycan_a-D-Galp_570,O570,163,,proposed,NE,NE,,0
605,O-glycan_a-D-Galp_570,O570,164,,proposed,NE,NE,,0
606,O-glycan_a-D-NeupNAc_580,O580,3,,active,NE,NE,,0
607,O-glycan_a-D-NeupNAc_580,O580,53,,active,NE,NE,,0
608,O-glycan_a-D-NeupNAc_580,O580,43,,active,NE,NE,,0
609,O-glycan_a-D-NeupNAc_580,O580,52,,active,NE,NE,,0
610,O-glycan_a-D-NeupNAc_587,O587,97,,active,NE,NE,,0
611,O-glycan_a-D-NeupNAc_587,O587,98,,active,NE,NE,,0
612,O-glycan_a-D-NeupNAc_587,O587,195,,active,NE,NE,,0
613,O-glycan_a-D-NeupNAc_587,O587,196,,active,NE,NE,,0
614,O-glycan_a-D-NeupNAc_587,O587,17,,active,NE,NE,,0
615,O-glycan_a-D-NeupNAc_587,O587,86,,active,NE,NE,,0
616,O-glycan_a-D-NeupNAc_587,O587,24,,active,NE,NE,,0
617,O-glycan_a-D-NeupNAc_587,O587,41,,active,NE,NE,,0
618,O-glycan_a-D-NeupNAc_587,O587,197,,active,NE,NE,,0
619,O-glycan_a-D-NeupNAc_587,O587,198,,active,NE,NE,,0
620,O-glycan_a-D-NeupNAc_587,O587,62,,active,NE,NE,,0
621,O-glycan_a-D-NeupNAc_587,O587,64,,active,NE,NE,,0
622,O-glycan_b-D-GlcpNAc_577,O577,205,,active,NE,NE,,0
623,O-glycan_b-D-GlcpNAc_577,O577,206,,active,NE,NE,,0
624,O-glycan_b-D-GlcpNAc_578,O578,151,,active,NE,NE,,0
625,O-glycan_b-D-GlcpNAc_578,O578,152,,active,NE,NE,,0
626,O-glycan_b-D-GlcpNAc_620,O620,151,,active,NE,NE,,0
627,O-glycan_b-D-GlcpNAc_620,O620,152,,active,NE,NE,,0
628,O-glycan_a-L-Fucp_548,O548,193,,active,NE,NE,,0
629,O-glycan_a-L-Fucp_548,O548,194,,active,NE,NE,,0
630,O-glycan_b-D-GlcpNAc_673,O673,153,,active,NE,NE,,0
631,O-glycan_b-D-GlcpNAc_673,O673,154,,active,NE,NE,,0
632,O-glycan_b-D-GlcpNAc_673,O673,155,,active,NE,NE,,0
633,O-glycan_b-D-GlcpNAc_673,O673,156,,active,NE,NE,,0
634,O-glycan_b-D-GlcpNAc_673,O673,157,,active,NE,NE,,0
635,O-glycan_b-D-GlcpNAc_673,O673,158,,active,NE,NE,,0
636,O-glycan_b-D-Galp_731,O731,90,,active,NE,NE,,0
637,O-glycan_b-D-Galp_731,O731,91,,active,NE,NE,,0
638,O-glycan_b-D-Galp_731,O731,6,,active,NE,NE,,0
639,O-glycan_b-D-Galp_731,O731,48,,active,NE,NE,,0
640,O-glycan_b-D-Galp_746,O746,90,,active,NE,NE,,0
641,O-glycan_b-D-Galp_746,O746,91,,active,NE,NE,,0
642,O-glycan_b-D-Galp_746,O746,6,,active,NE,NE,,0
643,O-glycan_b-D-Galp_746,O746,48,,active,NE,NE,,0
644,O-glycan_b-D-GlcpNAc_645,O645,153,,active,NE,NE,,0
646,O-glycan_b-D-GlcpNAc_645,O645,154,,active,NE,NE,,0
648,O-glycan_b-D-GlcpNAc_645,O645,155,,active,NE,NE,,0
650,O-glycan_b-D-GlcpNAc_645,O645,156,,active,NE,NE,,0
652,O-glycan_b-D-GlcpNAc_645,O645,157,,active,NE,NE,,0
654,O-glycan_b-D-GlcpNAc_645,O645,158,,active,NE,NE,,0
656,O-glycan_b-D-Galp_675,O675,90,,active,NE,NE,,0
657,O-glycan_b-D-Galp_675,O675,91,,active,NE,NE,,0
658,O-glycan_b-D-Galp_675,O675,6,,active,NE,NE,,0
659,O-glycan_b-D-Galp_675,O675,48,,active,NE,NE,,0
660,O-glycan_a-D-NeupNAc_535,O535,102,,active,NE,NE,,0
661,O-glycan_a-D-Galp_764,O764,159,,active,NE,NE,,0
662,O-glycan_a-D-Galp_764,O764,160,,active,NE,NE,,0
663,O-glycan_a-D-Galp_763,O763,159,,active,NE,NE,,0
664,O-glycan_a-D-Galp_763,O763,160,,active,NE,NE,,0
666,O-glycan_b-D-Galp_663,O663,90,,active,AA,NE,,0
667,O-glycan_b-D-Galp_663,O663,91,,active,AA,NE,,0
668,O-glycan_b-D-Galp_663,O663,6,,active,AA,NE,,0
669,O-glycan_b-D-Galp_663,O663,48,,active,AA,NE,,0
670,O-glycan_b-D-Galp_663,O663,44,,active,AA,NE,,0
671,O-glycan_b-D-Galp_663,O663,63,,active,AA,NE,,0
672,O-glycan_b-D-Galp_663,O663,183,,active,AA,NE,,0
673,O-glycan_b-D-Galp_663,O663,184,,active,AA,NE,,0
674,O-glycan_b-D-Galp_663,O663,181,,active,AA,NE,,0
675,O-glycan_b-D-Galp_663,O663,182,,active,AA,NE,,0
676,O-glycan_a-L-Fucp_735,O735,61,,active,AA,NE,,0
677,O-glycan_a-L-Fucp_735,O735,65,,active,AA,NE,,0
678,O-glycan_a-L-Fucp_735,O735,4,,active,AA,NE,,0
679,O-glycan_a-L-Fucp_735,O735,72,,active,AA,NE,,0
680,O-glycan_a-L-Fucp_735,O735,68,,active,AA,NE,,0
681,O-glycan_a-D-NeupNAc_704,O704,97,,active,AA,NE,,0
682,O-glycan_a-D-NeupNAc_704,O704,98,,active,AA,NE,,0
683,O-glycan_a-D-NeupNAc_704,O704,195,,active,AA,NE,,0
684,O-glycan_a-D-NeupNAc_704,O704,196,,active,AA,NE,,0
685,O-glycan_a-D-NeupNAc_704,O704,17,,active,AA,NE,,0
686,O-glycan_a-D-NeupNAc_704,O704,86,,active,AA,NE,,0
687,O-glycan_a-D-NeupNAc_704,O704,24,,active,AA,NE,,0
688,O-glycan_a-D-NeupNAc_704,O704,41,,active,AA,NE,,0
689,O-glycan_a-D-NeupNAc_704,O704,197,,active,AA,NE,,0
690,O-glycan_a-D-NeupNAc_704,O704,198,,active,AA,NE,,0
691,O-glycan_a-D-NeupNAc_704,O704,62,,active,AA,NE,,0
692,O-glycan_a-D-NeupNAc_704,O704,64,,active,AA,NE,,0
693,O-glycan_a-D-NeupNAc_728,O728,3,,active,AA,NE,,0
694,O-glycan_a-D-NeupNAc_728,O728,53,,active,AA,NE,,0
695,O-glycan_a-D-NeupNAc_728,O728,43,,active,AA,NE,,0
696,O-glycan_a-D-NeupNAc_728,O728,52,,active,AA,NE,,0
703,O-glycan_b-D-GlcpNAc_699,O699,36,,active,AA,NE,,0
704,O-glycan_b-D-GlcpNAc_699,O699,47,,active,AA,NE,,0
705,O-glycan_b-D-GlcpNAc_699,O699,69,,active,AA,NE,,0
706,O-glycan_b-D-GlcpNAc_699,O699,84,,active,AA,NE,,0
707,O-glycan_b-D-GlcpNAc_699,O699,205,,active,AA,NE,,0
708,O-glycan_b-D-GlcpNAc_699,O699,206,,active,AA,NE,,0
709,O-glycan_b-D-GlcpNAc_699,O699,1,,active,AA,NE,,0
710,O-glycan_b-D-GlcpNAc_699,O699,42,,active,AA,NE,,0
711,O-glycan_a-L-Fucp_671,O671,39,,active,AA,NE,,0
712,O-glycan_a-L-Fucp_671,O671,66,,active,AA,NE,,0
713,O-glycan_a-L-Fucp_671,O671,71,,active,AA,NE,,0
714,O-glycan_a-L-Fucp_671,O671,77,,active,AA,NE,,0
715,O-glycan_a-L-Fucp_671,O671,28,,active,AA,NE,,0
716,O-glycan_a-L-Fucp_671,O671,82,,active,AA,NE,,0
717,O-glycan_a-L-Fucp_671,O671,193,,active,AA,NE,,0
718,O-glycan_a-L-Fucp_671,O671,194,,active,AA,NE,,0
719,O-glycan_a-L-Fucp_671,O671,15,,active,AA,NE,,0
720,O-glycan_a-L-Fucp_671,O671,78,,active,AA,NE,,0
721,O-glycan_b-D-GlcpNAc_619,O619,153,,active,AA,NE,,0
722,O-glycan_b-D-GlcpNAc_619,O619,154,,active,AA,NE,,0
723,O-glycan_b-D-GlcpNAc_619,O619,155,,active,AA,NE,,0
724,O-glycan_b-D-GlcpNAc_619,O619,156,,active,AA,NE,,0
725,O-glycan_b-D-GlcpNAc_619,O619,157,,active,AA,NE,,0
726,O-glycan_b-D-GlcpNAc_619,O619,158,,active,AA,NE,,0
727,O-glycan_a-L-Fucp_669,O669,39,,active,AA,NE,,0
728,O-glycan_a-L-Fucp_669,O669,66,,active,AA,NE,,0
729,O-glycan_a-L-Fucp_669,O669,71,,active,AA,NE,,0
730,O-glycan_a-L-Fucp_669,O669,77,,active,AA,NE,,0
731,O-glycan_a-L-Fucp_669,O669,28,,active,AA,NE,,0
732,O-glycan_a-L-Fucp_669,O669,82,,active,AA,NE,,0
733,O-glycan_a-L-Fucp_669,O669,193,,active,AA,NE,,0
734,O-glycan_a-L-Fucp_669,O669,194,,active,AA,NE,,0
735,O-glycan_a-L-Fucp_669,O669,15,,active,AA,NE,,0
736,O-glycan_a-L-Fucp_669,O669,78,,active,AA,NE,,0
745,O-glycan_b-D-Galp_670,O670,90,,active,AA,NE,,0
746,O-glycan_b-D-Galp_670,O670,91,,active,AA,NE,,0
747,O-glycan_b-D-Galp_670,O670,6,,active,AA,NE,,0
748,O-glycan_b-D-Galp_670,O670,48,,active,AA,NE,,0
749,O-glycan_b-D-Galp_670,O670,44,,active,AA,NE,,0
750,O-glycan_b-D-Galp_670,O670,63,,active,AA,NE,,0
751,O-glycan_b-D-Galp_670,O670,183,,active,AA,NE,,0
752,O-glycan_b-D-Galp_670,O670,184,,active,AA,NE,,0
753,O-glycan_b-D-Galp_670,O670,181,,active,AA,NE,,0
754,O-glycan_b-D-Galp_670,O670,182,,active,AA,NE,,0
755,O-glycan_b-D-GalpNAc_634,O634,207,,active,NE,NE,,0
756,O-glycan_b-D-GalpNAc_634,O634,208,,active,NE,NE,,0
757,O-glycan_b-D-GalpNAc_634,O634,209,,active,NE,NE,,0
758,O-glycan_b-D-GalpNAc_634,O634,210,,active,NE,NE,,0
759,N-glycan_a-D-NeupNAc_222,N222,3,,active,NE,NE,,0
760,N-glycan_a-D-NeupNAc_222,N222,53,,active,NE,NE,,0
761,N-glycan_a-D-NeupNAc_222,N222,43,,active,NE,NE,,0
762,N-glycan_a-D-NeupNAc_222,N222,52,,active,NE,NE,,0
763,N-glycan_sulfate_469,N469,211,,active,NE,NE,,0
764,N-glycan_sulfate_469,N469,212,,active,NE,NE,,0
765,N-glycan_sulfate_469,N469,213,,active,NE,NE,,0
766,N-glycan_sulfate_469,N469,214,,active,NE,NE,,0
767,N-glycan_a-D-NeupNAc_105,N105,17,,active,NE,NE,,0
768,N-glycan_a-D-NeupNAc_105,N105,86,,active,NE,NE,,0
769,N-glycan_a-D-NeupNAc_105,N105,24,,active,NE,NE,,0
770,N-glycan_a-D-NeupNAc_105,N105,41,,active,NE,NE,,0
771,N-glycan_a-D-NeupNAc_105,N105,62,,active,NE,NE,,0
772,N-glycan_a-D-NeupNAc_105,N105,64,,active,NE,NE,,0
773,O-glycan_a-L-Fucp_705,O705,39,,active,NE,NE,,0
774,O-glycan_a-L-Fucp_705,O705,66,,active,NE,NE,,0
775,O-glycan_a-L-Fucp_705,O705,71,,active,NE,NE,,0
776,O-glycan_a-L-Fucp_705,O705,77,,active,NE,NE,,0
777,O-glycan_a-L-Fucp_705,O705,28,,active,NE,NE,,0
778,O-glycan_a-L-Fucp_705,O705,82,,active,NE,NE,,0
779,O-glycan_a-L-Fucp_705,O705,193,,active,NE,NE,,0
780,O-glycan_a-L-Fucp_705,O705,194,,active,NE,NE,,0
781,O-glycan_a-L-Fucp_705,O705,15,,active,NE,NE,,0
782,O-glycan_a-L-Fucp_705,O705,78,,active,NE,NE,,0
783,O-glycan_b-D-Galp_700,O700,90,,active,NE,NE,,0
784,O-glycan_b-D-Galp_700,O700,91,,active,NE,NE,,0
785,O-glycan_b-D-Galp_700,O700,6,,active,NE,NE,,0
786,O-glycan_b-D-Galp_700,O700,48,,active,NE,NE,,0
787,O-glycan_b-D-Galp_700,O700,44,,active,NE,NE,,0
788,O-glycan_b-D-Galp_700,O700,63,,active,NE,NE,,0
789,O-glycan_b-D-Galp_700,O700,183,,active,NE,NE,,0
790,O-glycan_b-D-Galp_700,O700,184,,active,NE,NE,,0
791,O-glycan_b-D-Galp_700,O700,181,,active,NE,NE,,0
792,O-glycan_b-D-Galp_700,O700,182,,active,NE,NE,,0
793,O-glycan_a-D-NeupNAc_703,O703,97,,active,NE,NE,,0
794,O-glycan_a-D-NeupNAc_703,O703,98,,active,NE,NE,,0
795,O-glycan_a-D-NeupNAc_703,O703,195,,active,NE,NE,,0
796,O-glycan_a-D-NeupNAc_703,O703,196,,active,NE,NE,,0
797,O-glycan_a-D-NeupNAc_703,O703,17,,active,NE,NE,,0
798,O-glycan_a-D-NeupNAc_703,O703,86,,active,NE,NE,,0
799,O-glycan_a-D-NeupNAc_703,O703,24,,active,NE,NE,,0
800,O-glycan_a-D-NeupNAc_703,O703,41,,active,NE,NE,,0
801,O-glycan_a-D-NeupNAc_703,O703,197,,active,NE,NE,,0
802,O-glycan_a-D-NeupNAc_703,O703,198,,active,NE,NE,,0
803,O-glycan_a-D-NeupNAc_703,O703,62,,active,NE,NE,,0
804,O-glycan_a-D-NeupNAc_703,O703,64,,active,NE,NE,,0
805,N-glycan_b-D-GalpNAc_108,N108,207,,active,NE,NE,,0
806,N-glycan_b-D-GalpNAc_108,N108,208,,active,NE,NE,,0
807,N-glycan_b-D-GalpNAc_108,N108,209,,active,NE,NE,,0
808,N-glycan_b-D-GalpNAc_108,N108,210,,active,NE,NE,,0
809,N-glycan_b-D-GalpNAc_109,N109,207,,active,NE,NE,,0
810,N-glycan_b-D-GalpNAc_109,N109,208,,active,NE,NE,,0
811,N-glycan_b-D-GalpNAc_109,N109,209,,active,NE,NE,,0
812,N-glycan_b-D-GalpNAc_109,N109,210,,active,NE,NE,,0
813,N-glycan_b-D-GalpNAc_82,N82,207,,active,NE,NE,,0
814,N-glycan_b-D-GalpNAc_82,N82,208,,active,NE,NE,,0
815,N-glycan_b-D-GalpNAc_82,N82,209,,active,NE,NE,,0
816,N-glycan_b-D-GalpNAc_82,N82,210,,active,NE,NE,,0
817,N-glycan_b-D-GalpNAc_107,N107,207,,active,NE,NE,,0
818,N-glycan_b-D-GalpNAc_107,N107,208,,active,NE,NE,,0
819,N-glycan_b-D-GalpNAc_107,N107,209,,active,NE,NE,,0
820,N-glycan_b-D-GalpNAc_107,N107,210,,active,NE,NE,,0
821,N-glycan_b-D-Galp_78,N78,55,,active,NE,NE,,0
822,N-glycan_b-D-Galp_78,N78,74,,active,NE,NE,,0
823,N-glycan_b-D-Galp_78,N78,11,,active,NE,NE,,0
824,N-glycan_b-D-Galp_78,N78,81,,active,NE,NE,,0
825,N-glycan_sulfate_470,N470,211,,active,NE,NE,,0
826,N-glycan_sulfate_470,N470,212,,active,NE,NE,,0
827,N-glycan_sulfate_470,N470,213,,active,NE,NE,,0
828,N-glycan_sulfate_470,N470,214,,active,NE,NE,,0
829,O-glycan_a-D-GalpNAc_708,O708,14,,active,AA,NE,,0
830,O-glycan_a-D-GalpNAc_708,O708,22,,active,AA,NE,,0
831,O-glycan_a-L-Fucp_709,O709,61,,active,AA,NE,,0
832,O-glycan_a-L-Fucp_709,O709,65,,active,AA,NE,,0
833,O-glycan_a-L-Fucp_709,O709,4,,active,AA,NE,,0
834,O-glycan_a-L-Fucp_709,O709,72,,active,AA,NE,,0
835,O-glycan_a-L-Fucp_709,O709,68,,active,AA,NE,,0
836,N-glycan_b-D-GlcpNAc_232,N232,36,,active,AA,NE,,0
837,N-glycan_b-D-GlcpNAc_232,N232,47,,active,AA,NE,,0
838,N-glycan_b-D-GlcpNAc_232,N232,69,,active,AA,NE,,0
839,N-glycan_b-D-GlcpNAc_232,N232,84,,active,AA,NE,,0
840,N-glycan_b-D-GlcpNAc_232,N232,1,,active,AA,NE,,0
841,N-glycan_b-D-GlcpNAc_232,N232,42,,active,AA,NE,,0
842,N-glycan_b-D-GlcpNAc_234,N234,36,,active,AA,NE,,0
843,N-glycan_b-D-GlcpNAc_234,N234,47,,active,AA,NE,,0
844,N-glycan_b-D-GlcpNAc_234,N234,69,,active,AA,NE,,0
845,N-glycan_b-D-GlcpNAc_234,N234,84,,active,AA,NE,,0
846,N-glycan_b-D-GlcpNAc_234,N234,1,,active,AA,NE,,0
847,N-glycan_b-D-GlcpNAc_234,N234,42,,active,AA,NE,,0
848,N-glycan_b-D-GlcpNAc_76,N76,36,,active,AA,NE,,0
849,N-glycan_b-D-GlcpNAc_76,N76,47,,active,AA,NE,,0
850,N-glycan_b-D-GlcpNAc_76,N76,69,,active,AA,NE,,0
851,N-glycan_b-D-GlcpNAc_76,N76,84,,active,AA,NE,,0
852,N-glycan_b-D-GlcpNAc_76,N76,1,,active,AA,NE,,0
853,N-glycan_b-D-GlcpNAc_76,N76,42,,active,AA,NE,,0
854,N-glycan_b-D-Galp_281,N281,90,,active,AA,NE,,0
855,N-glycan_b-D-Galp_281,N281,91,,active,AA,NE,,0
856,N-glycan_b-D-Galp_281,N281,6,,active,AA,NE,,0
857,N-glycan_b-D-Galp_281,N281,48,,active,AA,NE,,0
858,N-glycan_b-D-Galp_281,N281,44,,active,AA,NE,,0
859,N-glycan_b-D-Galp_281,N281,63,,active,AA,NE,,0
860,N-glycan_b-D-Galp_280,N280,90,,active,AA,NE,,0
861,N-glycan_b-D-Galp_280,N280,91,,active,AA,NE,,0
862,N-glycan_b-D-Galp_280,N280,6,,active,AA,NE,,0
863,N-glycan_b-D-Galp_280,N280,48,,active,AA,NE,,0
864,N-glycan_b-D-Galp_280,N280,44,,active,AA,NE,,0
865,N-glycan_b-D-Galp_280,N280,63,,active,AA,NE,,0
866,N-glycan_b-D-Galp_77,N77,90,,active,AA,NE,,0
867,N-glycan_b-D-Galp_77,N77,91,,active,AA,NE,,0
868,N-glycan_b-D-Galp_77,N77,6,,active,AA,NE,,0
869,N-glycan_b-D-Galp_77,N77,48,,active,AA,NE,,0
870,N-glycan_b-D-Galp_77,N77,44,,active,AA,NE,,0
871,N-glycan_b-D-Galp_77,N77,63,,active,AA,NE,,0
892,N-glycan_a-D-NeupNAc_401,N401,97,,active,AA,NE,,0
893,N-glycan_a-D-NeupNAc_401,N401,98,,active,AA,NE,,0
894,N-glycan_a-D-NeupNAc_401,N401,195,,active,AA,NE,,0
895,N-glycan_a-D-NeupNAc_401,N401,196,,active,AA,NE,,0
896,N-glycan_a-D-NeupNAc_401,N401,17,,active,AA,NE,,0
897,N-glycan_a-D-NeupNAc_401,N401,86,,active,AA,NE,,0
898,N-glycan_a-D-NeupNAc_401,N401,24,,active,AA,NE,,0
899,N-glycan_a-D-NeupNAc_401,N401,41,,active,AA,NE,,0
900,N-glycan_a-D-NeupNAc_401,N401,197,,active,AA,NE,,0
901,N-glycan_a-D-NeupNAc_401,N401,198,,active,AA,NE,,0
902,N-glycan_a-D-NeupNAc_401,N401,62,,active,AA,NE,,0
903,N-glycan_a-D-NeupNAc_401,N401,64,,active,AA,NE,,0
904,N-glycan_a-D-NeupNAc_233,N233,3,,active,AA,NE,,0
905,N-glycan_a-D-NeupNAc_233,N233,53,,active,AA,NE,,0
906,N-glycan_a-D-NeupNAc_233,N233,43,,active,AA,NE,,0
907,N-glycan_a-D-NeupNAc_233,N233,52,,active,AA,NE,,0
908,N-glycan_a-D-Galp_52,N52,159,,proposed,AA,NE,,0
909,N-glycan_a-D-Galp_52,N52,160,,proposed,AA,NE,,0
910,N-glycan_a-D-Galp_52,N52,163,,proposed,AA,NE,,0
911,N-glycan_a-D-Galp_52,N52,164,,proposed,AA,NE,,0
912,N-glycan_a-D-Galp_50,N50,159,,proposed,AA,NE,,0
913,N-glycan_a-D-Galp_50,N50,160,,proposed,AA,NE,,0
914,N-glycan_a-D-Galp_50,N50,163,,proposed,AA,NE,,0
915,N-glycan_a-D-Galp_50,N50,164,,proposed,AA,NE,,0
916,N-glycan_b-D-GlcpNAc_292,N292,36,,active,AA,NE,,0
917,N-glycan_b-D-GlcpNAc_292,N292,47,,active,AA,NE,,0
918,N-glycan_b-D-GlcpNAc_292,N292,69,,active,AA,NE,,0
919,N-glycan_b-D-GlcpNAc_292,N292,84,,active,AA,NE,,0
920,N-glycan_b-D-GlcpNAc_292,N292,1,,active,AA,NE,,0
921,N-glycan_b-D-GlcpNAc_292,N292,42,,active,AA,NE,,0
922,N-glycan_b-D-Galp_340,N340,90,,active,AA,NE,,0
923,N-glycan_b-D-Galp_340,N340,91,,active,AA,NE,,0
924,N-glycan_b-D-Galp_340,N340,6,,active,AA,NE,,0
925,N-glycan_b-D-Galp_340,N340,48,,active,AA,NE,,0
926,N-glycan_b-D-Galp_340,N340,44,,active,AA,NE,,0
927,N-glycan_b-D-Galp_340,N340,63,,active,AA,NE,,0
928,N-glycan_a-D-NeupNAc_312,N312,97,Capping Step 3,active,NE,NE,,0
929,N-glycan_a-D-NeupNAc_312,N312,98,Capping Step 3,active,NE,NE,,0
930,N-glycan_a-D-NeupNAc_312,N312,195,Capping Step 3,active,NE,NE,,0
931,N-glycan_a-D-NeupNAc_312,N312,196,Capping Step 3,active,NE,NE,,0
932,N-glycan_a-D-NeupNAc_312,N312,17,Capping Step 3,active,NE,NE,,0
933,N-glycan_a-D-NeupNAc_312,N312,86,Capping Step 3,active,NE,NE,,0
934,N-glycan_a-D-NeupNAc_312,N312,24,Capping Step 3,active,NE,NE,,0
935,N-glycan_a-D-NeupNAc_312,N312,41,Capping Step 3,active,NE,NE,,0
936,N-glycan_a-D-NeupNAc_312,N312,197,Capping Step 3,active,NE,NE,,0
937,N-glycan_a-D-NeupNAc_312,N312,198,Capping Step 3,active,NE,NE,,0
938,N-glycan_a-D-NeupNAc_312,N312,62,Capping Step 3,active,NE,NE,,0
939,N-glycan_a-D-NeupNAc_312,N312,64,Capping Step 3,active,NE,NE,,0
940,N-glycan_a-D-Galp_39,N39,159,,proposed,NE,NE,,0
941,N-glycan_a-D-Galp_39,N39,160,,proposed,NE,NE,,0
942,N-glycan_a-D-Galp_39,N39,163,,proposed,NE,NE,,0
943,N-glycan_a-D-Galp_39,N39,164,,proposed,NE,NE,,0
944,N-glycan_a-D-Galp_51,N51,159,,proposed,NE,NE,,0
945,N-glycan_a-D-Galp_51,N51,160,,proposed,NE,NE,,0
946,N-glycan_a-D-Galp_51,N51,163,,proposed,NE,NE,,0
947,N-glycan_a-D-Galp_51,N51,164,,proposed,NE,NE,,0
948,N-glycan_b-D-GlcpNAc_291,N291,36,,active,NE,NE,,0
949,N-glycan_b-D-GlcpNAc_291,N291,47,,active,NE,NE,,0
950,N-glycan_b-D-GlcpNAc_291,N291,69,,active,NE,NE,,0
951,N-glycan_b-D-GlcpNAc_291,N291,84,,active,NE,NE,,0
952,N-glycan_b-D-GlcpNAc_291,N291,1,,active,NE,NE,,0
953,N-glycan_b-D-GlcpNAc_291,N291,42,,active,NE,NE,,0
954,O-glycan_a-D-NeupNAc_727,O727,97,,active,NE,NE,,0
955,O-glycan_a-D-NeupNAc_727,O727,98,,active,NE,NE,,0
956,O-glycan_a-D-NeupNAc_727,O727,195,,active,NE,NE,,0
957,O-glycan_a-D-NeupNAc_727,O727,196,,active,NE,NE,,0
958,O-glycan_a-D-NeupNAc_727,O727,17,,active,NE,NE,,0
959,O-glycan_a-D-NeupNAc_727,O727,86,,active,NE,NE,,0
960,O-glycan_a-D-NeupNAc_727,O727,24,,active,NE,NE,,0
961,O-glycan_a-D-NeupNAc_727,O727,41,,active,NE,NE,,0
962,O-glycan_a-D-NeupNAc_727,O727,197,,active,NE,NE,,0
963,O-glycan_a-D-NeupNAc_727,O727,198,,active,NE,NE,,0
964,O-glycan_a-D-NeupNAc_727,O727,62,,active,NE,NE,,0
965,O-glycan_a-D-NeupNAc_727,O727,64,,active,NE,NE,,0
966,O-glycan_a-D-NeupNAc_719,O719,3,,active,NE,NE,,0
967,O-glycan_a-D-NeupNAc_719,O719,53,,active,NE,NE,,0
968,O-glycan_a-D-NeupNAc_719,O719,43,,active,NE,NE,,0
969,O-glycan_a-D-NeupNAc_719,O719,52,,active,NE,NE,,0
970,O-glycan_b-D-Galp_644,O644,44,Capping Step 5,active,NE,NE,,0
971,O-glycan_b-D-Galp_644,O644,63,Capping Step 5,active,NE,NE,,0
972,O-glycan_b-D-Galp_644,O644,183,Capping Step 5,active,NE,NE,,0
973,O-glycan_b-D-Galp_644,O644,184,Capping Step 5,active,NE,NE,,0
974,O-glycan_b-D-Galp_644,O644,181,Capping Step 5,active,NE,NE,,0
975,O-glycan_b-D-Galp_644,O644,182,Capping Step 5,active,NE,NE,,0
976,N-glycan_a-D-GalpNAc_116,N116,14,,active,NE,NE,,0
977,N-glycan_a-D-GalpNAc_116,N116,22,,active,NE,NE,,0
978,N-glycan_a-D-GalpNAc_117,N117,14,,active,NE,NE,,0
979,N-glycan_a-D-GalpNAc_117,N117,22,,active,NE,NE,,0
980,N-glycan_a-L-Fucp_102,N102,61,,active,NE,NE,,0
981,N-glycan_a-L-Fucp_102,N102,65,,active,NE,NE,,0
982,N-glycan_a-L-Fucp_102,N102,4,,active,NE,NE,,0
983,N-glycan_a-L-Fucp_102,N102,72,,active,NE,NE,,0
984,N-glycan_a-L-Fucp_102,N102,68,,active,NE,NE,,0
985,N-glycan_a-L-Fucp_103,N103,61,,active,NE,NE,,0
986,N-glycan_a-L-Fucp_103,N103,65,,active,NE,NE,,0
987,N-glycan_a-L-Fucp_103,N103,4,,active,NE,NE,,0
988,N-glycan_a-L-Fucp_103,N103,72,,active,NE,NE,,0
989,N-glycan_a-L-Fucp_103,N103,68,,active,NE,NE,,0
990,N-glycan_a-D-Galp_114,N114,159,,proposed,NE,NE,,0
991,N-glycan_a-D-Galp_114,N114,160,,proposed,NE,NE,,0
992,N-glycan_a-D-Galp_114,N114,14,,active,NE,NE,,0
993,N-glycan_a-D-Galp_114,N114,22,,active,NE,NE,,0
994,N-glycan_a-D-Galp_114,N114,163,,proposed,NE,NE,,0
995,N-glycan_a-D-Galp_114,N114,164,,proposed,NE,NE,,0
996,N-glycan_a-D-Galp_115,N115,159,,proposed,NE,NE,,0
997,N-glycan_a-D-Galp_115,N115,160,,proposed,NE,NE,,0
998,N-glycan_a-D-Galp_115,N115,163,,proposed,NE,NE,,0
999,N-glycan_a-D-Galp_115,N115,164,,proposed,NE,NE,,0
1001,N-glycan_a-D-Galp_115,N115,14,,active,NE,NE,,0
1002,N-glycan_a-D-Galp_115,N115,22,,active,NE,NE,,0
1003,N-glycan_a-D-Galp_83,N83,14,,active,NE,NE,,0
1004,N-glycan_a-D-Galp_83,N83,22,,active,NE,NE,,0
1005,N-glycan_a-D-Galp_309,N309,159,,proposed,NE,NE,,0
1006,N-glycan_a-D-Galp_309,N309,160,,proposed,NE,NE,,0
1007,N-glycan_a-D-Galp_309,N309,14,,active,NE,NE,,0
1008,N-glycan_a-D-Galp_309,N309,22,,active,NE,NE,,0
1009,N-glycan_a-D-Galp_309,N309,163,,proposed,NE,NE,,0
1010,N-glycan_a-D-Galp_309,N309,164,,proposed,NE,NE,,0
1011,O-glycan_a-D-Galp_557,O557,14,,active,NE,NE,,0
1012,O-glycan_a-D-Galp_557,O557,22,,active,NE,NE,,0
1013,O-glycan_a-D-GalpNAc_166,O166,14,,active,NE,NE,,0
1014,O-glycan_a-D-GalpNAc_166,O166,22,,active,NE,NE,,0
1015,O-glycan_a-D-Galp_570,O570,14,,active,NE,NE,,0
1016,O-glycan_a-D-Galp_570,O570,22,,active,NE,NE,,0
1017,O-glycan_a-D-GalpNAc_585,O585,14,,active,NE,NE,,0
1018,O-glycan_a-D-GalpNAc_585,O585,22,,active,NE,NE,,0
1019,O-glycan_a-D-Galp_560,O560,159,,proposed,NE,NE,,0
1020,O-glycan_a-D-Galp_560,O560,160,,proposed,NE,NE,,0
1021,O-glycan_a-D-Galp_560,O560,14,,active,NE,NE,,0
1022,O-glycan_a-D-Galp_560,O560,22,,active,NE,NE,,0
1023,O-glycan_a-D-Galp_560,O560,163,,proposed,NE,NE,,0
1024,O-glycan_a-D-Galp_560,O560,164,,proposed,NE,NE,,0
1025,O-glycan_a-D-GalpNAc_594,O594,14,,active,NE,NE,,0
1026,O-glycan_a-D-GalpNAc_594,O594,22,,active,NE,NE,,0
1029,O-glycan_a-D-GalpNAc_615,O615,14,,active,NE,NE,,0
1030,O-glycan_a-D-GalpNAc_615,O615,22,,active,NE,NE,,0
1031,O-glycan_a-D-GalpNAc_685,O685,14,,active,NE,NE,,0
1032,O-glycan_a-D-GalpNAc_685,O685,22,,active,NE,NE,,0
1033,O-glycan_a-D-GalpNAc_687,O687,14,,active,NE,NE,,0
1034,O-glycan_a-D-GalpNAc_687,O687,22,,active,NE,NE,,0
1035,O-glycan_a-D-GalpNAc_729,O729,14,,active,NE,NE,,0
1036,O-glycan_a-D-GalpNAc_729,O729,22,,active,NE,NE,,0
1037,O-glycan_a-D-Galp_733,O733,14,,active,NE,NE,,0
1038,O-glycan_a-D-Galp_733,O733,22,,active,NE,NE,,0
1039,O-glycan_a-D-GalpNAc_748,O748,14,,active,NE,NE,,0
1040,O-glycan_a-D-GalpNAc_748,O748,22,,active,NE,NE,,0
1041,O-glycan_a-D-GalpNAc_714,O714,14,,active,NE,NE,,0
1042,O-glycan_a-D-GalpNAc_714,O714,22,,active,NE,NE,,0
1043,O-glycan_a-D-GalpNAc_758,O758,14,,active,NE,NE,,0
1044,O-glycan_a-D-GalpNAc_758,O758,22,,active,NE,NE,,0
1045,N-glycan_a-L-Fucp_329,N329,61,,active,NE,NE,,0
1046,N-glycan_a-L-Fucp_329,N329,65,,active,NE,NE,,0
1047,N-glycan_a-L-Fucp_329,N329,4,,active,NE,NE,,0
1048,N-glycan_a-L-Fucp_329,N329,72,,active,NE,NE,,0
1049,N-glycan_a-L-Fucp_329,N329,68,,active,NE,NE,,0
1050,N-glycan_a-L-Fucp_328,N328,61,,active,NE,NE,,0
1051,N-glycan_a-L-Fucp_328,N328,65,,active,NE,NE,,0
1052,N-glycan_a-L-Fucp_328,N328,4,,active,NE,NE,,0
1053,N-glycan_a-L-Fucp_328,N328,72,,active,NE,NE,,0
1054,N-glycan_a-L-Fucp_328,N328,68,,active,NE,NE,,0
1055,N-glycan_a-L-Fucp_81,N81,61,,active,NE,NE,,0
1056,N-glycan_a-L-Fucp_81,N81,65,,active,NE,NE,,0
1057,N-glycan_a-L-Fucp_81,N81,4,,active,NE,NE,,0
1058,N-glycan_a-L-Fucp_81,N81,72,,active,NE,NE,,0
1059,N-glycan_a-L-Fucp_81,N81,68,,active,NE,NE,,0
1060,N-glycan_a-L-Fucp_200,N200,61,,active,NE,NE,,0
1061,N-glycan_a-L-Fucp_200,N200,65,,active,NE,NE,,0
1062,N-glycan_a-L-Fucp_200,N200,4,,active,NE,NE,,0
1063,N-glycan_a-L-Fucp_200,N200,72,,active,NE,NE,,0
1064,N-glycan_a-L-Fucp_200,N200,68,,active,NE,NE,,0
1065,O-glycan_a-L-Fucp_566,O566,61,,active,NE,NE,,0
1066,O-glycan_a-L-Fucp_566,O566,65,,active,NE,NE,,0
1067,O-glycan_a-L-Fucp_566,O566,4,,active,NE,NE,,0
1068,O-glycan_a-L-Fucp_566,O566,72,,active,NE,NE,,0
1069,O-glycan_a-L-Fucp_566,O566,68,,active,NE,NE,,0
1070,O-glycan_a-L-Fucp_607,O607,61,,active,NE,NE,,0
1071,O-glycan_a-L-Fucp_607,O607,65,,active,NE,NE,,0
1072,O-glycan_a-L-Fucp_607,O607,4,,active,NE,NE,,0
1073,O-glycan_a-L-Fucp_607,O607,72,,active,NE,NE,,0
1074,O-glycan_a-L-Fucp_607,O607,68,,active,NE,NE,,0
1075,O-glycan_a-L-Fucp_556,O556,61,,active,NE,NE,,0
1076,O-glycan_a-L-Fucp_556,O556,65,,active,NE,NE,,0
1077,O-glycan_a-L-Fucp_556,O556,4,,active,NE,NE,,0
1078,O-glycan_a-L-Fucp_556,O556,72,,active,NE,NE,,0
1079,O-glycan_a-L-Fucp_556,O556,68,,active,NE,NE,,0
1080,O-glycan_a-L-Fucp_659,O659,61,,active,NE,NE,,0
1081,O-glycan_a-L-Fucp_659,O659,65,,active,NE,NE,,0
1082,O-glycan_a-L-Fucp_659,O659,4,,active,NE,NE,,0
1083,O-glycan_a-L-Fucp_659,O659,72,,active,NE,NE,,0
1084,O-glycan_a-L-Fucp_659,O659,68,,active,NE,NE,,0
1085,O-glycan_a-L-Fucp_660,O660,61,,active,NE,NE,,0
1086,O-glycan_a-L-Fucp_660,O660,65,,active,NE,NE,,0
1087,O-glycan_a-L-Fucp_660,O660,4,,active,NE,NE,,0
1088,O-glycan_a-L-Fucp_660,O660,72,,active,NE,NE,,0
1089,O-glycan_a-L-Fucp_660,O660,68,,active,NE,NE,,0
1090,O-glycan_a-L-Fucp_741,O741,61,,active,NE,NE,,0
1091,O-glycan_a-L-Fucp_741,O741,65,,active,NE,NE,,0
1092,O-glycan_a-L-Fucp_741,O741,4,,active,NE,NE,,0
1093,O-glycan_a-L-Fucp_741,O741,72,,active,NE,NE,,0
1094,O-glycan_a-L-Fucp_741,O741,68,,active,NE,NE,,0
1095,O-glycan_a-L-Fucp_683,O683,61,,active,NE,NE,,0
1096,O-glycan_a-L-Fucp_683,O683,65,,active,NE,NE,,0
1097,O-glycan_a-L-Fucp_683,O683,4,,active,NE,NE,,0
1098,O-glycan_a-L-Fucp_683,O683,72,,active,NE,NE,,0
1099,O-glycan_a-L-Fucp_683,O683,68,,active,NE,NE,,0
1100,O-glycan_a-L-Fucp_734,O734,61,,active,NE,NE,,0
1101,O-glycan_a-L-Fucp_734,O734,65,,active,NE,NE,,0
1102,O-glycan_a-L-Fucp_734,O734,4,,active,NE,NE,,0
1103,O-glycan_a-L-Fucp_734,O734,72,,active,NE,NE,,0
1104,O-glycan_a-L-Fucp_734,O734,68,,active,NE,NE,,0
1105,O-glycan_a-L-Fucp_747,O747,61,,active,NE,NE,,0
1106,O-glycan_a-L-Fucp_747,O747,65,,active,NE,NE,,0
1107,O-glycan_a-L-Fucp_747,O747,4,,active,NE,NE,,0
1108,O-glycan_a-L-Fucp_747,O747,72,,active,NE,NE,,0
1109,O-glycan_a-L-Fucp_747,O747,68,,active,NE,NE,,0
1110,O-glycan_a-L-Fucp_563,O563,39,,active,NE,NE,,0
1111,O-glycan_a-L-Fucp_563,O563,66,,active,NE,NE,,0
1112,O-glycan_a-L-Fucp_563,O563,71,,active,NE,NE,,0
1113,O-glycan_a-L-Fucp_563,O563,77,,active,NE,NE,,0
1114,O-glycan_a-L-Fucp_563,O563,28,,active,NE,NE,,0
1115,O-glycan_a-L-Fucp_563,O563,82,,active,NE,NE,,0
1116,O-glycan_a-L-Fucp_563,O563,15,,active,NE,NE,,0
1117,O-glycan_a-L-Fucp_563,O563,78,,active,NE,NE,,0
1118,O-glycan_a-L-Fucp_563,O563,193,,active,NE,NE,,0
1119,O-glycan_a-L-Fucp_563,O563,194,,active,NE,NE,,0
1120,O-glycan_a-D-Galp_568,O568,159,,proposed,NE,NE,,0
1121,O-glycan_a-D-Galp_568,O568,160,,proposed,NE,NE,,0
1122,O-glycan_a-D-Galp_568,O568,14,,active,NE,NE,,0
1123,O-glycan_a-D-Galp_568,O568,22,,active,NE,NE,,0
1124,O-glycan_a-D-Galp_568,O568,163,,proposed,NE,NE,,0
1125,O-glycan_a-D-Galp_568,O568,164,,proposed,NE,NE,,0
1126,O-glycan_b-D-GalpNAc_627,O627,207,,active,NE,NE,,0
1127,O-glycan_b-D-GalpNAc_627,O627,208,,active,NE,NE,,0
1128,O-glycan_b-D-GalpNAc_627,O627,209,,active,NE,NE,,0
1129,O-glycan_b-D-GalpNAc_627,O627,210,,active,NE,NE,,0
1130,O-glycan_b-D-GlcpNAc_718,O718,36,,active,AA,NE,,0
1131,O-glycan_b-D-GlcpNAc_718,O718,47,,active,AA,NE,,0
1132,O-glycan_b-D-GlcpNAc_718,O718,69,,active,AA,NE,,0
1133,O-glycan_b-D-GlcpNAc_718,O718,84,,active,AA,NE,,0
1134,O-glycan_b-D-GlcpNAc_718,O718,205,,active,AA,NE,,0
1135,O-glycan_b-D-GlcpNAc_718,O718,206,,active,AA,NE,,0
1136,O-glycan_b-D-GlcpNAc_718,O718,1,,active,AA,NE,,0
1137,O-glycan_b-D-GlcpNAc_718,O718,42,,active,AA,NE,,0
1138,O-glycan_b-D-Galp_742,O742,90,,active,NE,NE,,0
1139,O-glycan_b-D-Galp_742,O742,91,,active,NE,NE,,0
1140,O-glycan_b-D-Galp_742,O742,6,,active,NE,NE,,0
1141,O-glycan_b-D-Galp_742,O742,48,,active,NE,NE,,0
1142,O-glycan_b-D-Galp_742,O742,44,,active,NE,NE,,0
1143,O-glycan_b-D-Galp_742,O742,63,,active,NE,NE,,0
1144,O-glycan_b-D-Galp_742,O742,183,,active,NE,NE,,0
1145,O-glycan_b-D-Galp_742,O742,184,,active,NE,NE,,0
1146,O-glycan_b-D-Galp_742,O742,181,,active,NE,NE,,0
1147,O-glycan_b-D-Galp_742,O742,182,,active,NE,NE,,0
1148,O-glycan_b-D-GlcpNAc_744,O744,36,,active,AA,NE,,0
1149,O-glycan_b-D-GlcpNAc_744,O744,47,,active,AA,NE,,0
1150,O-glycan_b-D-GlcpNAc_744,O744,69,,active,AA,NE,,0
1151,O-glycan_b-D-GlcpNAc_744,O744,84,,active,AA,NE,,0
1152,O-glycan_b-D-GlcpNAc_744,O744,205,,active,AA,NE,,0
1153,O-glycan_b-D-GlcpNAc_744,O744,206,,active,AA,NE,,0
1154,O-glycan_b-D-GlcpNAc_744,O744,1,,active,AA,NE,,0
1155,O-glycan_b-D-GlcpNAc_744,O744,42,,active,AA,NE,,0
1156,O-glycan_a-D-NeupNAc_745,O745,3,,active,NE,NE,,0
1157,O-glycan_a-D-NeupNAc_745,O745,53,,active,NE,NE,,0
1158,O-glycan_a-D-NeupNAc_745,O745,43,,active,NE,NE,,0
1159,O-glycan_a-D-NeupNAc_745,O745,52,,active,NE,NE,,0
1160,N-glycan_a-D-NeupNAc_106,N106,17,,active,AA,NE,,0
1161,N-glycan_a-D-NeupNAc_106,N106,86,,active,AA,NE,,0
1162,N-glycan_a-D-NeupNAc_106,N106,24,,active,AA,NE,,0
1163,N-glycan_a-D-NeupNAc_106,N106,41,,active,AA,NE,,0
1164,N-glycan_a-D-NeupNAc_106,N106,62,,active,AA,NE,,0
1165,N-glycan_a-D-NeupNAc_106,N106,64,,active,AA,NE,,0
1166,N-glycan_a-D-Galp_331,N331,159,,proposed,AA,NE,,0
1167,N-glycan_a-D-Galp_331,N331,160,,proposed,AA,NE,,0
1168,N-glycan_a-D-Galp_331,N331,163,,proposed,AA,NE,,0
1169,N-glycan_a-D-Galp_331,N331,164,,proposed,AA,NE,,0
1170,N-glycan_b-D-GalpNAc_466,N466,20,,active,AA,NE,,0
1171,N-glycan_b-D-GalpNAc_466,N466,26,,active,AA,NE,,0
1172,N-glycan_b-D-GalpNAc_466,N466,8,,active,AA,NE,,0
1173,N-glycan_b-D-GalpNAc_466,N466,10,,active,AA,NE,,0
1174,N-glycan_b-D-GlcpNAc_265,N265,36,,active,AA,NE,,0
1175,N-glycan_b-D-GlcpNAc_265,N265,47,,active,AA,NE,,0
1176,N-glycan_b-D-GlcpNAc_265,N265,69,,active,AA,NE,,0
1177,N-glycan_b-D-GlcpNAc_265,N265,84,,active,AA,NE,,0
1178,N-glycan_b-D-GlcpNAc_265,N265,1,,active,AA,NE,,0
1179,N-glycan_b-D-GlcpNAc_265,N265,42,,active,AA,NE,,0
1180,N-glycan_b-D-Galp_287,N287,90,,active,AA,NE,,0
1181,N-glycan_b-D-Galp_287,N287,91,,active,AA,NE,,0
1182,N-glycan_b-D-Galp_287,N287,6,,active,AA,NE,,0
1183,N-glycan_b-D-Galp_287,N287,48,,active,AA,NE,,0
1184,N-glycan_b-D-Galp_287,N287,44,,active,AA,NE,,0
1185,N-glycan_b-D-Galp_287,N287,63,,active,AA,NE,,0
1188,N-glycan_b-D-Galp_297,N297,55,,active,AA,NE,,0
1189,N-glycan_b-D-Galp_297,N297,74,,active,AA,NE,,0
1192,N-glycan_b-D-Galp_297,N297,11,,active,AA,NE,,0
1193,N-glycan_b-D-Galp_297,N297,81,,active,AA,NE,,0
1194,N-glycan_a-D-NeupNGc_130,N130,17,,active,AA,NE,,0
1195,N-glycan_a-D-NeupNGc_130,N130,86,,active,AA,NE,,0
1196,N-glycan_a-D-NeupNGc_130,N130,24,,active,AA,NE,,0
1197,N-glycan_a-D-NeupNGc_130,N130,41,,active,AA,NE,,0
1198,N-glycan_a-D-NeupNGc_130,N130,62,,active,AA,NE,,0
1199,N-glycan_a-D-NeupNGc_130,N130,64,,active,AA,NE,,0
1200,N-glycan_a-D-NeupNGc_126,N126,3,,active,AA,NE,,0
1201,N-glycan_a-D-NeupNGc_126,N126,53,,active,AA,NE,,0
1202,N-glycan_a-D-NeupNGc_126,N126,43,,active,AA,NE,,0
1203,N-glycan_a-D-NeupNGc_126,N126,52,,active,AA,NE,,0
1204,N-glycan_a-L-Fucp_231,N231,39,,active,AA,NE,,0
1205,N-glycan_a-L-Fucp_231,N231,66,,active,AA,NE,,0
1206,N-glycan_a-L-Fucp_231,N231,71,,active,AA,NE,,0
1207,N-glycan_a-L-Fucp_231,N231,77,,active,AA,NE,,0
1208,N-glycan_a-L-Fucp_231,N231,28,,active,AA,NE,,0
1209,N-glycan_a-L-Fucp_231,N231,82,,active,AA,NE,,0
1210,N-glycan_a-L-Fucp_231,N231,193,,active,AA,NE,,0
1211,N-glycan_a-L-Fucp_231,N231,194,,active,AA,NE,,0
1212,N-glycan_a-L-Fucp_231,N231,15,,active,AA,NE,,0
1213,N-glycan_a-L-Fucp_231,N231,78,,active,AA,NE,,0
1214,N-glycan_a-L-Fucp_230,N230,39,,active,AA,NE,,0
1215,N-glycan_a-L-Fucp_230,N230,66,,active,AA,NE,,0
1216,N-glycan_a-L-Fucp_230,N230,71,,active,AA,NE,,0
1217,N-glycan_a-L-Fucp_230,N230,77,,active,AA,NE,,0
1218,N-glycan_a-L-Fucp_230,N230,28,,active,AA,NE,,0
1219,N-glycan_a-L-Fucp_230,N230,82,,active,AA,NE,,0
1220,N-glycan_a-L-Fucp_230,N230,193,,active,AA,NE,,0
1221,N-glycan_a-L-Fucp_230,N230,194,,active,AA,NE,,0
1222,N-glycan_a-L-Fucp_230,N230,15,,active,AA,NE,,0
1223,N-glycan_a-L-Fucp_230,N230,78,,active,AA,NE,,0
1224,N-glycan_a-L-Fucp_98,N98,39,,active,AA,NE,,0
1225,N-glycan_a-L-Fucp_98,N98,66,,active,AA,NE,,0
1226,N-glycan_a-L-Fucp_98,N98,71,,active,AA,NE,,0
1227,N-glycan_a-L-Fucp_98,N98,77,,active,AA,NE,,0
1228,N-glycan_a-L-Fucp_98,N98,28,,active,AA,NE,,0
1229,N-glycan_a-L-Fucp_98,N98,82,,active,AA,NE,,0
1230,N-glycan_a-L-Fucp_98,N98,193,,active,AA,NE,,0
1231,N-glycan_a-L-Fucp_98,N98,194,,active,AA,NE,,0
1232,N-glycan_a-L-Fucp_98,N98,15,,active,AA,NE,,0
1233,N-glycan_a-L-Fucp_98,N98,78,,active,AA,NE,,0
1234,N-glycan_a-L-Fucp_99,N99,39,,active,AA,NE,,0
1235,N-glycan_a-L-Fucp_99,N99,66,,active,AA,NE,,0
1236,N-glycan_a-L-Fucp_99,N99,71,,active,AA,NE,,0
1237,N-glycan_a-L-Fucp_99,N99,77,,active,AA,NE,,0
1238,N-glycan_a-L-Fucp_99,N99,28,,active,AA,NE,,0
1239,N-glycan_a-L-Fucp_99,N99,82,,active,AA,NE,,0
1240,N-glycan_a-L-Fucp_99,N99,193,,active,AA,NE,,0
1241,N-glycan_a-L-Fucp_99,N99,194,,active,AA,NE,,0
1242,N-glycan_a-L-Fucp_99,N99,15,,active,AA,NE,,0
1243,N-glycan_a-L-Fucp_99,N99,78,,active,AA,NE,,0
1244,N-glycan_a-L-Fucp_279,N279,39,,active,AA,NE,,0
1245,N-glycan_a-L-Fucp_279,N279,66,,active,AA,NE,,0
1246,N-glycan_a-L-Fucp_279,N279,71,,active,AA,NE,,0
1247,N-glycan_a-L-Fucp_279,N279,77,,active,AA,NE,,0
1248,N-glycan_a-L-Fucp_279,N279,28,,active,AA,NE,,0
1249,N-glycan_a-L-Fucp_279,N279,82,,active,AA,NE,,0
1250,N-glycan_a-L-Fucp_279,N279,193,,active,AA,NE,,0
1251,N-glycan_a-L-Fucp_279,N279,194,,active,AA,NE,,0
1252,N-glycan_a-L-Fucp_279,N279,15,,active,AA,NE,,0
1253,N-glycan_a-L-Fucp_279,N279,78,,active,AA,NE,,0
1254,N-glycan_a-L-Fucp_277,N277,39,,active,AA,NE,,0
1255,N-glycan_a-L-Fucp_277,N277,66,,active,AA,NE,,0
1256,N-glycan_a-L-Fucp_277,N277,71,,active,AA,NE,,0
1257,N-glycan_a-L-Fucp_277,N277,77,,active,AA,NE,,0
1258,N-glycan_a-L-Fucp_277,N277,28,,active,AA,NE,,0
1259,N-glycan_a-L-Fucp_277,N277,82,,active,AA,NE,,0
1260,N-glycan_a-L-Fucp_277,N277,193,,active,AA,NE,,0
1261,N-glycan_a-L-Fucp_277,N277,194,,active,AA,NE,,0
1262,N-glycan_a-L-Fucp_277,N277,15,,active,AA,NE,,0
1263,N-glycan_a-L-Fucp_277,N277,78,,active,AA,NE,,0
1264,O-glycan_a-L-Fucp_726,O726,61,,active,AA,NE,,0
1265,O-glycan_a-L-Fucp_726,O726,65,,active,AA,NE,,0
1266,O-glycan_a-L-Fucp_726,O726,4,,active,AA,NE,,0
1267,O-glycan_a-L-Fucp_726,O726,72,,active,AA,NE,,0
1268,O-glycan_a-L-Fucp_726,O726,68,,active,AA,NE,,0
1275,N-glycan_a-D-NeupNAc_100,N100,3,,active,AA,NE,,0
1276,N-glycan_a-D-NeupNAc_100,N100,53,,active,AA,NE,,0
1277,N-glycan_a-D-NeupNAc_100,N100,43,,active,AA,NE,,0
1278,N-glycan_a-D-NeupNAc_100,N100,52,,active,AA,NE,,0
1283,N-glycan_a-D-NeupNAc_268,N268,3,,active,AA,NE,,0
1284,N-glycan_a-D-NeupNAc_268,N268,53,,active,AA,NE,,0
1285,N-glycan_a-D-NeupNAc_268,N268,43,,active,AA,NE,,0
1286,N-glycan_a-D-NeupNAc_268,N268,52,,active,AA,NE,,0
1287,N-glycan_a-D-Galp_331,N331,14,,active,AA,NE,,0
1288,N-glycan_a-D-Galp_331,N331,22,,active,AA,NE,,0
1291,O-glycan_a-D-GalpNAc_710,O710,14,,active,AA,NE,,0
1292,O-glycan_a-D-GalpNAc_710,O710,22,,active,AA,NE,,0
1293,N-glycan_b-D-GlcpNAc_351,N351,153,,active,AA,NE,,0
1294,N-glycan_b-D-GlcpNAc_351,N351,154,,active,AA,NE,,0
1295,N-glycan_b-D-GlcpNAc_351,N351,155,,active,AA,NE,,0
1296,N-glycan_b-D-GlcpNAc_351,N351,156,,active,AA,NE,,0
1297,N-glycan_b-D-GlcpNAc_351,N351,157,,active,AA,NE,,0
1298,N-glycan_b-D-GlcpNAc_351,N351,158,,active,AA,NE,,0
1299,N-glycan_b-D-GlcpNAc_249,N249,153,,active,AA,NE,,0
1300,N-glycan_b-D-GlcpNAc_249,N249,154,,active,AA,NE,,0
1301,N-glycan_b-D-GlcpNAc_249,N249,155,,active,AA,NE,,0
1302,N-glycan_b-D-GlcpNAc_249,N249,156,,active,AA,NE,,0
1303,N-glycan_b-D-GlcpNAc_249,N249,157,,active,AA,NE,,0
1304,N-glycan_b-D-GlcpNAc_249,N249,158,,active,AA,NE,,0
1305,N-glycan_b-D-GlcpNAc_427,N427,153,,active,AA,NE,,0
1306,N-glycan_b-D-GlcpNAc_427,N427,154,,active,AA,NE,,0
1307,N-glycan_b-D-GlcpNAc_427,N427,155,,active,AA,NE,,0
1308,N-glycan_b-D-GlcpNAc_427,N427,156,,active,AA,NE,,0
1309,N-glycan_b-D-GlcpNAc_427,N427,157,,active,AA,NE,,0
1310,N-glycan_b-D-GlcpNAc_427,N427,158,,active,AA,NE,,0
1311,N-glycan_b-D-Galp_289,N289,90,,active,AA,NE,,0
1312,N-glycan_b-D-Galp_289,N289,91,,active,AA,NE,,0
1313,N-glycan_b-D-Galp_289,N289,6,,active,AA,NE,,0
1314,N-glycan_b-D-Galp_289,N289,48,,active,AA,NE,,0
1315,N-glycan_b-D-Galp_358,N358,90,,active,AA,NE,,0
1316,N-glycan_b-D-Galp_358,N358,91,,active,AA,NE,,0
1317,N-glycan_b-D-Galp_358,N358,6,,active,AA,NE,,0
1318,N-glycan_b-D-Galp_358,N358,48,,active,AA,NE,,0
1319,N-glycan_b-D-Galp_358,N358,44,,active,AA,NE,,0
1320,N-glycan_b-D-Galp_358,N358,63,,active,AA,NE,,0
1321,N-glycan_b-D-Galp_289,N289,44,,active,AA,NE,,0
1322,N-glycan_b-D-Galp_289,N289,63,,active,AA,NE,,0
1331,N-glycan_a-D-NeupNAc_271,N271,97,,active,AA,NE,,0
1332,N-glycan_a-D-NeupNAc_271,N271,98,,active,AA,NE,,0
1333,N-glycan_a-D-NeupNAc_271,N271,195,,active,AA,NE,,0
1334,N-glycan_a-D-NeupNAc_271,N271,196,,active,AA,NE,,0
1335,N-glycan_a-D-NeupNAc_271,N271,17,,active,AA,NE,,0
1336,N-glycan_a-D-NeupNAc_271,N271,86,,active,AA,NE,,0
1337,N-glycan_a-D-NeupNAc_271,N271,24,,active,AA,NE,,0
1338,N-glycan_a-D-NeupNAc_271,N271,41,,active,AA,NE,,0
1339,N-glycan_a-D-NeupNAc_271,N271,197,,active,AA,NE,,0
1340,N-glycan_a-D-NeupNAc_271,N271,198,,active,AA,NE,,0
1341,N-glycan_a-D-NeupNAc_271,N271,62,,active,AA,NE,,0
1342,N-glycan_a-D-NeupNAc_271,N271,64,,active,AA,NE,,0
1343,N-glycan_a-D-NeupNAc_272,N272,97,,active,AA,NE,,0
1344,N-glycan_a-D-NeupNAc_272,N272,98,,active,AA,NE,,0
1345,N-glycan_a-D-NeupNAc_272,N272,195,,active,AA,NE,,0
1346,N-glycan_a-D-NeupNAc_272,N272,196,,active,AA,NE,,0
1347,N-glycan_a-D-NeupNAc_272,N272,17,,active,AA,NE,,0
1348,N-glycan_a-D-NeupNAc_272,N272,86,,active,AA,NE,,0
1349,N-glycan_a-D-NeupNAc_272,N272,24,,active,AA,NE,,0
1350,N-glycan_a-D-NeupNAc_272,N272,41,,active,AA,NE,,0
1351,N-glycan_a-D-NeupNAc_272,N272,197,,active,AA,NE,,0
1352,N-glycan_a-D-NeupNAc_272,N272,198,,active,AA,NE,,0
1353,N-glycan_a-D-NeupNAc_272,N272,62,,active,AA,NE,,0
1354,N-glycan_a-D-NeupNAc_272,N272,64,,active,AA,NE,,0
1361,O-glycan_b-D-GlcpNAc_678,O678,153,,active,AA,NE,,0
1362,O-glycan_b-D-GlcpNAc_678,O678,154,,active,AA,NE,,0
1363,O-glycan_b-D-GlcpNAc_678,O678,155,,active,AA,NE,,0
1364,O-glycan_b-D-GlcpNAc_678,O678,156,,active,AA,NE,,0
1365,O-glycan_b-D-GlcpNAc_678,O678,157,,active,AA,NE,,0
1366,O-glycan_b-D-GlcpNAc_678,O678,158,,active,AA,NE,,0
1367,N-glycan_a-D-NeupNAc_411,N411,17,,active,AA,NE,,0
1368,N-glycan_a-D-NeupNAc_411,N411,86,,active,AA,NE,,0
1369,N-glycan_a-D-NeupNAc_411,N411,24,,active,AA,NE,,0
1370,N-glycan_a-D-NeupNAc_411,N411,41,,active,AA,NE,,0
1371,N-glycan_a-D-NeupNAc_411,N411,62,,active,AA,NE,,0
1372,N-glycan_a-D-NeupNAc_411,N411,64,,active,AA,NE,,0
1373,N-glycan_b-D-GlcpNAc_84,N84,151,,active,AA,NE,,0
1374,N-glycan_b-D-GlcpNAc_84,N84,152,,active,AA,NE,,0
1375,N-glycan_a-D-NeupNAc_379,N379,3,,active,AA,NE,,0
1376,N-glycan_a-D-NeupNAc_379,N379,53,,active,AA,NE,,0
1377,N-glycan_a-D-NeupNAc_379,N379,43,,active,AA,NE,,0
1378,N-glycan_a-D-NeupNAc_379,N379,52,,active,AA,NE,,0
1379,N-glycan_a-D-NeupNAc_290,N290,3,,active,AA,NE,,0
1380,N-glycan_a-D-NeupNAc_290,N290,53,,active,AA,NE,,0
1381,N-glycan_a-D-NeupNAc_290,N290,43,,active,AA,NE,,0
1382,N-glycan_a-D-NeupNAc_290,N290,52,,active,AA,NE,,0
1383,N-glycan_a-D-NeupNAc_410,N410,3,,active,AA,NE,,0
1384,N-glycan_a-D-NeupNAc_410,N410,53,,active,AA,NE,,0
1385,N-glycan_a-D-NeupNAc_410,N410,43,,active,AA,NE,,0
1386,N-glycan_a-D-NeupNAc_410,N410,52,,active,AA,NE,,0
1387,N-glycan_a-D-NeupNAc_412,N412,3,,active,AA,NE,,0
1388,N-glycan_a-D-NeupNAc_412,N412,53,,active,AA,NE,,0
1389,N-glycan_a-D-NeupNAc_412,N412,43,,active,AA,NE,,0
1390,N-glycan_a-D-NeupNAc_412,N412,52,,active,AA,NE,,0
1391,N-glycan_a-D-NeupNAc_69,N69,101,,active,NE,NE,,0
1392,N-glycan_a-D-NeupNAc_69,N69,102,,active,NE,NE,,0
1393,N-glycan_a-D-NeupNAc_69,N69,103,,active,NE,NE,,0
1394,N-glycan_a-D-NeupNAc_69,N69,104,,active,NE,NE,,0
1395,N-glycan_a-D-NeupNAc_69,N69,105,,active,NE,NE,,0
1396,N-glycan_a-D-NeupNAc_69,N69,106,,active,NE,NE,,0
1397,N-glycan_a-D-NeupNAc_69,N69,107,,active,NE,NE,,0
1398,N-glycan_a-D-NeupNAc_69,N69,108,,active,NE,NE,,0
1399,N-glycan_a-D-NeupNAc_69,N69,109,,active,NE,NE,,0
1400,N-glycan_a-D-NeupNAc_69,N69,110,,active,NE,NE,,0
1401,N-glycan_a-D-NeupNAc_69,N69,111,,active,NE,NE,,0
1402,N-glycan_a-D-NeupNAc_69,N69,112,,active,NE,NE,,0
1403,N-glycan_a-D-NeupNAc_70,N70,101,,active,NE,NE,,0
1404,N-glycan_a-D-NeupNAc_70,N70,102,,active,NE,NE,,0
1405,N-glycan_a-D-NeupNAc_70,N70,103,,active,NE,NE,,0
1406,N-glycan_a-D-NeupNAc_70,N70,104,,active,NE,NE,,0
1407,N-glycan_a-D-NeupNAc_70,N70,105,,active,NE,NE,,0
1408,N-glycan_a-D-NeupNAc_70,N70,106,,active,NE,NE,,0
1409,N-glycan_a-D-NeupNAc_70,N70,107,,active,NE,NE,,0
1410,N-glycan_a-D-NeupNAc_70,N70,108,,active,NE,NE,,0
1411,N-glycan_a-D-NeupNAc_70,N70,109,,active,NE,NE,,0
1412,N-glycan_a-D-NeupNAc_70,N70,110,,active,NE,NE,,0
1413,N-glycan_a-D-NeupNAc_70,N70,111,,active,NE,NE,,0
1414,N-glycan_a-D-NeupNAc_70,N70,112,,active,NE,NE,,0
1415,N-glycan_a-D-NeupNAc_96,N96,101,,active,NE,NE,,0
1416,N-glycan_a-D-NeupNAc_96,N96,102,,active,NE,NE,,0
1417,N-glycan_a-D-NeupNAc_96,N96,103,,active,NE,NE,,0
1418,N-glycan_a-D-NeupNAc_96,N96,104,,active,NE,NE,,0
1419,N-glycan_a-D-NeupNAc_96,N96,105,,active,NE,NE,,0
1420,N-glycan_a-D-NeupNAc_96,N96,106,,active,NE,NE,,0
1421,N-glycan_a-D-NeupNAc_96,N96,107,,active,NE,NE,,0
1422,N-glycan_a-D-NeupNAc_96,N96,108,,active,NE,NE,,0
1423,N-glycan_a-D-NeupNAc_96,N96,109,,active,NE,NE,,0
1424,N-glycan_a-D-NeupNAc_96,N96,110,,active,NE,NE,,0
1425,N-glycan_a-D-NeupNAc_96,N96,111,,active,NE,NE,,0
1426,N-glycan_a-D-NeupNAc_96,N96,112,,active,NE,NE,,0
1427,N-glycan_a-D-NeupNAc_349,N349,101,,active,NE,NE,,0
1428,N-glycan_a-D-NeupNAc_349,N349,102,,active,NE,NE,,0
1429,N-glycan_a-D-NeupNAc_349,N349,103,,active,NE,NE,,0
1430,N-glycan_a-D-NeupNAc_349,N349,104,,active,NE,NE,,0
1431,N-glycan_a-D-NeupNAc_349,N349,105,,active,NE,NE,,0
1432,N-glycan_a-D-NeupNAc_349,N349,106,,active,NE,NE,,0
1433,N-glycan_a-D-NeupNAc_349,N349,107,,active,NE,NE,,0
1434,N-glycan_a-D-NeupNAc_349,N349,108,,active,NE,NE,,0
1435,N-glycan_a-D-NeupNAc_349,N349,109,,active,NE,NE,,0
1436,N-glycan_a-D-NeupNAc_349,N349,110,,active,NE,NE,,0
1437,N-glycan_a-D-NeupNAc_349,N349,111,,active,NE,NE,,0
1438,N-glycan_a-D-NeupNAc_349,N349,112,,active,NE,NE,,0
1439,O-glycan_a-D-NeupNAc_760,O760,102,,active,NE,NE,,0
1440,N-glycan_a-D-NeupNGc_132,N132,17,,active,NE,NE,,0
1441,N-glycan_a-D-NeupNGc_132,N132,86,,active,NE,NE,,0
1442,N-glycan_a-D-NeupNGc_132,N132,24,,active,NE,NE,,0
1443,N-glycan_a-D-NeupNGc_132,N132,41,,active,NE,NE,,0
1444,N-glycan_a-D-NeupNGc_132,N132,62,,active,NE,NE,,0
1445,N-glycan_a-D-NeupNGc_132,N132,64,,active,NE,NE,,0
1446,N-glycan_a-D-NeupNGc_382,N382,17,,active,NE,NE,,0
1447,N-glycan_a-D-NeupNGc_382,N382,86,,active,NE,NE,,0
1448,N-glycan_a-D-NeupNGc_382,N382,24,,active,NE,NE,,0
1449,N-glycan_a-D-NeupNGc_382,N382,41,,active,NE,NE,,0
1450,N-glycan_a-D-NeupNGc_382,N382,62,,active,NE,NE,,0
1451,N-glycan_a-D-NeupNGc_382,N382,64,,active,NE,NE,,0
1452,N-glycan_a-D-NeupNGc_142,N142,3,,active,NE,NE,,0
1453,N-glycan_a-D-NeupNGc_142,N142,53,,active,NE,NE,,0
1454,N-glycan_a-D-NeupNGc_142,N142,43,,active,NE,NE,,0
1455,N-glycan_a-D-NeupNGc_142,N142,52,,active,NE,NE,,0
1456,N-glycan_a-D-NeupNGc_137,N137,17,,active,NE,NE,,0
1457,N-glycan_a-D-NeupNGc_137,N137,86,,active,NE,NE,,0
1458,N-glycan_a-D-NeupNGc_137,N137,24,,active,NE,NE,,0
1459,N-glycan_a-D-NeupNGc_137,N137,41,,active,NE,NE,,0
1460,N-glycan_a-D-NeupNGc_137,N137,62,,active,NE,NE,,0
1461,N-glycan_a-D-NeupNGc_137,N137,64,,active,NE,NE,,0
1462,N-glycan_a-D-NeupNGc_123,N123,101,,active,NE,NE,,0
1463,N-glycan_a-D-NeupNGc_123,N123,102,,active,NE,NE,,0
1464,N-glycan_a-D-NeupNGc_123,N123,103,,active,NE,NE,,0
1465,N-glycan_a-D-NeupNGc_123,N123,104,,active,NE,NE,,0
1466,N-glycan_a-D-NeupNGc_123,N123,105,,active,NE,NE,,0
1467,N-glycan_a-D-NeupNGc_123,N123,106,,active,NE,NE,,0
1468,N-glycan_a-D-NeupNGc_123,N123,107,,active,NE,NE,,0
1469,N-glycan_a-D-NeupNGc_123,N123,108,,active,NE,NE,,0
1470,N-glycan_a-D-NeupNGc_123,N123,109,,active,NE,NE,,0
1471,N-glycan_a-D-NeupNGc_123,N123,110,,active,NE,NE,,0
1472,N-glycan_a-D-NeupNGc_123,N123,111,,active,NE,NE,,0
1473,N-glycan_a-D-NeupNGc_123,N123,112,,active,NE,NE,,0
1474,N-glycan_a-D-NeupNGc_424,N424,97,,active,NE,NE,,0
1475,N-glycan_a-D-NeupNGc_424,N424,98,,active,NE,NE,,0
1476,N-glycan_a-D-NeupNGc_424,N424,195,,active,NE,NE,,0
1477,N-glycan_a-D-NeupNGc_424,N424,196,,active,NE,NE,,0
1478,N-glycan_a-D-NeupNGc_424,N424,17,,active,NE,NE,,0
1479,N-glycan_a-D-NeupNGc_424,N424,86,,active,NE,NE,,0
1480,N-glycan_a-D-NeupNGc_424,N424,24,,active,NE,NE,,0
1481,N-glycan_a-D-NeupNGc_424,N424,41,,active,NE,NE,,0
1482,N-glycan_a-D-NeupNGc_424,N424,197,,active,NE,NE,,0
1483,N-glycan_a-D-NeupNGc_424,N424,198,,active,NE,NE,,0
1484,N-glycan_a-D-NeupNGc_424,N424,62,,active,NE,NE,,0
1485,N-glycan_a-D-NeupNGc_424,N424,64,,active,NE,NE,,0
1486,N-glycan_a-D-NeupNGc_128,N128,101,,active,NE,NE,,0
1487,N-glycan_a-D-NeupNGc_128,N128,102,,active,NE,NE,,0
1488,N-glycan_a-D-NeupNGc_128,N128,103,,active,NE,NE,,0
1489,N-glycan_a-D-NeupNGc_128,N128,104,,active,NE,NE,,0
1490,N-glycan_a-D-NeupNGc_128,N128,105,,active,NE,NE,,0
1491,N-glycan_a-D-NeupNGc_128,N128,106,,active,NE,NE,,0
1492,N-glycan_a-D-NeupNGc_128,N128,107,,active,NE,NE,,0
1493,N-glycan_a-D-NeupNGc_128,N128,108,,active,NE,NE,,0
1494,N-glycan_a-D-NeupNGc_128,N128,109,,active,NE,NE,,0
1495,N-glycan_a-D-NeupNGc_128,N128,110,,active,NE,NE,,0
1496,N-glycan_a-D-NeupNGc_128,N128,111,,active,NE,NE,,0
1497,N-glycan_a-D-NeupNGc_128,N128,112,,active,NE,NE,,0
1498,N-glycan_a-D-NeupNGc_140,N140,17,,active,NE,NE,,0
1499,N-glycan_a-D-NeupNGc_140,N140,86,,active,NE,NE,,0
1500,N-glycan_a-D-NeupNGc_140,N140,24,,active,NE,NE,,0
1501,N-glycan_a-D-NeupNGc_140,N140,41,,active,NE,NE,,0
1502,N-glycan_a-D-NeupNGc_140,N140,62,,active,NE,NE,,0
1503,N-glycan_a-D-NeupNGc_140,N140,64,,active,NE,NE,,0
1504,N-glycan_a-D-NeupNGc_135,N135,17,,active,NE,NE,,0
1505,N-glycan_a-D-NeupNGc_135,N135,86,,active,NE,NE,,0
1506,N-glycan_a-D-NeupNGc_135,N135,24,,active,NE,NE,,0
1507,N-glycan_a-D-NeupNGc_135,N135,41,,active,NE,NE,,0
1508,N-glycan_a-D-NeupNGc_135,N135,62,,active,NE,NE,,0
1509,N-glycan_a-D-NeupNGc_135,N135,64,,active,NE,NE,,0
1510,N-glycan_a-D-NeupNGc_144,N144,17,,active,NE,NE,,0
1511,N-glycan_a-D-NeupNGc_144,N144,86,,active,NE,NE,,0
1512,N-glycan_a-D-NeupNGc_144,N144,24,,active,NE,NE,,0
1513,N-glycan_a-D-NeupNGc_144,N144,41,,active,NE,NE,,0
1514,N-glycan_a-D-NeupNGc_144,N144,62,,active,NE,NE,,0
1515,N-glycan_a-D-NeupNGc_144,N144,64,,active,NE,NE,,0
1516,N-glycan_a-D-NeupNGc_146,N146,101,,active,NE,NE,,0
1517,N-glycan_a-D-NeupNGc_146,N146,102,,active,NE,NE,,0
1518,N-glycan_a-D-NeupNGc_146,N146,103,,active,NE,NE,,0
1519,N-glycan_a-D-NeupNGc_146,N146,104,,active,NE,NE,,0
1520,N-glycan_a-D-NeupNGc_146,N146,105,,active,NE,NE,,0
1521,N-glycan_a-D-NeupNGc_146,N146,106,,active,NE,NE,,0
1522,N-glycan_a-D-NeupNGc_146,N146,107,,active,NE,NE,,0
1523,N-glycan_a-D-NeupNGc_146,N146,108,,active,NE,NE,,0
1524,N-glycan_a-D-NeupNGc_146,N146,109,,active,NE,NE,,0
1525,N-glycan_a-D-NeupNGc_146,N146,110,,active,NE,NE,,0
1526,N-glycan_a-D-NeupNGc_146,N146,111,,active,NE,NE,,0
1527,N-glycan_a-D-NeupNGc_146,N146,112,,active,NE,NE,,0
1528,O-glycan_a-D-NeupNGc_163,O163,101,,active,NE,NE,,0
1529,O-glycan_a-D-NeupNGc_163,O163,102,,active,NE,NE,,0
1530,O-glycan_a-D-NeupNGc_163,O163,103,,active,NE,NE,,0
1531,O-glycan_a-D-NeupNGc_163,O163,104,,active,NE,NE,,0
1532,O-glycan_a-D-NeupNGc_163,O163,105,,active,NE,NE,,0
1533,O-glycan_a-D-NeupNGc_163,O163,106,,active,NE,NE,,0
1534,O-glycan_a-D-NeupNGc_163,O163,107,,active,NE,NE,,0
1535,O-glycan_a-D-NeupNGc_163,O163,108,,active,NE,NE,,0
1536,O-glycan_a-D-NeupNGc_163,O163,109,,active,NE,NE,,0
1537,O-glycan_a-D-NeupNGc_163,O163,110,,active,NE,NE,,0
1538,O-glycan_a-D-NeupNGc_163,O163,111,,active,NE,NE,,0
1539,O-glycan_a-D-NeupNGc_163,O163,112,,active,NE,NE,,0
1540,O-glycan_a-D-NeupNGc_536,O536,97,,active,NE,NE,,0
1541,O-glycan_a-D-NeupNGc_536,O536,98,,active,NE,NE,,0
1542,O-glycan_a-D-NeupNGc_603,O603,97,,active,NE,NE,,0
1543,O-glycan_a-D-NeupNGc_603,O603,98,,active,NE,NE,,0
1544,O-glycan_a-D-NeupNGc_603,O603,195,,active,NE,NE,,0
1545,O-glycan_a-D-NeupNGc_603,O603,196,,active,NE,NE,,0
1546,O-glycan_a-D-NeupNGc_603,O603,17,,active,NE,NE,,0
1547,O-glycan_a-D-NeupNGc_603,O603,86,,active,NE,NE,,0
1548,O-glycan_a-D-NeupNGc_603,O603,24,,active,NE,NE,,0
1549,O-glycan_a-D-NeupNGc_603,O603,41,,active,NE,NE,,0
1550,O-glycan_a-D-NeupNGc_603,O603,197,,active,NE,NE,,0
1551,O-glycan_a-D-NeupNGc_603,O603,198,,active,NE,NE,,0
1552,O-glycan_a-D-NeupNGc_603,O603,62,,active,NE,NE,,0
1553,O-glycan_a-D-NeupNGc_603,O603,64,,active,NE,NE,,0
1554,O-glycan_a-D-NeupNGc_604,O604,3,,active,NE,NE,,0
1555,O-glycan_a-D-NeupNGc_604,O604,53,,active,NE,NE,,0
1556,O-glycan_a-D-NeupNGc_604,O604,43,,active,NE,NE,,0
1557,O-glycan_a-D-NeupNGc_604,O604,52,,active,NE,NE,,0
1558,O-glycan_a-D-NeupNGc_623,O623,97,,active,NE,NE,,0
1559,O-glycan_a-D-NeupNGc_623,O623,98,,active,NE,NE,,0
1560,O-glycan_a-D-NeupNGc_623,O623,195,,active,NE,NE,,0
1561,O-glycan_a-D-NeupNGc_623,O623,196,,active,NE,NE,,0
1562,O-glycan_a-D-NeupNGc_623,O623,17,,active,NE,NE,,0
1563,O-glycan_a-D-NeupNGc_623,O623,86,,active,NE,NE,,0
1564,O-glycan_a-D-NeupNGc_623,O623,24,,active,NE,NE,,0
1565,O-glycan_a-D-NeupNGc_623,O623,41,,active,NE,NE,,0
1566,O-glycan_a-D-NeupNGc_623,O623,197,,active,NE,NE,,0
1567,O-glycan_a-D-NeupNGc_623,O623,198,,active,NE,NE,,0
1568,O-glycan_a-D-NeupNGc_623,O623,62,,active,NE,NE,,0
1569,O-glycan_a-D-NeupNGc_623,O623,64,,active,NE,NE,,0
1570,O-glycan_b-D-GlcAp_814,O814,221,,active,NE,NE,,0
1571,O-glycan_b-D-GlcAp_814,O814,222,,active,NE,NE,,0
1572,O-glycan_b-D-GlcAp_814,O814,223,,active,NE,NE,,0
1573,O-glycan_b-D-GlcAp_814,O814,224,,active,NE,NE,,0
1574,O-glycan_b-D-GlcAp_815,O815,221,,active,NE,NE,,0
1575,O-glycan_b-D-GlcAp_815,O815,222,,active,NE,NE,,0
1576,O-glycan_b-D-GlcAp_815,O815,223,,active,NE,NE,,0
1577,O-glycan_b-D-GlcAp_815,O815,224,,active,NE,NE,,0
1578,N-glycan_b-D-GlcAp_532,N532,221,,active,NE,NE,,0
1579,N-glycan_b-D-GlcAp_532,N532,222,,active,NE,NE,,0
1580,N-glycan_b-D-GlcAp_532,N532,223,,active,NE,NE,,0
1581,N-glycan_b-D-GlcAp_532,N532,224,,active,NE,NE,,0
1582,N-glycan_b-D-GlcAp_533,N533,221,,active,NE,NE,,0
1583,N-glycan_b-D-GlcAp_533,N533,222,,active,NE,NE,,0
1584,N-glycan_b-D-GlcAp_533,N533,223,,active,NE,NE,,0
1585,N-glycan_b-D-GlcAp_533,N533,224,,active,NE,NE,,0
1586,N-glycan_b-D-GlcAp_522,N522,221,,active,NE,NE,,0
1587,N-glycan_b-D-GlcAp_522,N522,222,,active,NE,NE,,0
1588,N-glycan_b-D-GlcAp_522,N522,223,,active,NE,NE,,0
1589,N-glycan_b-D-GlcAp_522,N522,224,,active,NE,NE,,0
1590,N-glycan_b-D-GlcAp_523,N523,221,,active,NE,NE,,0
1591,N-glycan_b-D-GlcAp_523,N523,222,,active,NE,NE,,0
1592,N-glycan_b-D-GlcAp_523,N523,223,,active,NE,NE,,0
1593,N-glycan_b-D-GlcAp_523,N523,224,,active,NE,NE,,0
1594,O-glycan_core_x-L-Fucx_C1,OC1,169,,active,NE,NE,,0
1595,O-glycan_core_x-L-Fucx_C1,OC1,170,,active,NE,NE,,0
1596,O-glycan_core_x-L-Fucx_C1,OC1,189,,active,NE,NE,,0
1597,O-glycan_core_x-L-Fucx_C1,OC1,190,,active,NE,NE,,0
1598,O-glycan_core_x-D-GlcxNAc_C2,OC2,167,,active,NE,NE,,0
1599,O-glycan_core_x-D-GlcxNAc_C2,OC2,168,,active,NE,NE,,0
1600,O-glycan_core_x-D-Manx_C4,OC4,191,,active,NE,NE,,0
1601,O-glycan_core_x-D-Manx_C4,OC4,192,,active,NE,NE,,0
1602,O-glycan_core_x-D-Manx_C4,OC4,177,,active,NE,NE,,0
1603,O-glycan_core_x-D-Manx_C4,OC4,178,,active,NE,NE,,0
1604,O-glycan_b-D-Glcp_800,O800,179,,active,NE,NE,,0
1605,O-glycan_b-D-Glcp_800,O800,180,,active,NE,NE,,0
1606,O-glycan_b-D-GlcpNAc_801,O801,171,,active,NE,NE,,0
1607,O-glycan_b-D-GlcpNAc_801,O801,172,,active,NE,NE,,0
1608,O-glycan_b-D-GlcpNAc_801,O801,173,,active,NE,NE,,0
1609,O-glycan_b-D-GlcpNAc_801,O801,174,,active,NE,NE,,0
1610,O-glycan_b-D-GlcpNAc_801,O801,175,,active,NE,NE,,0
1611,O-glycan_b-D-GlcpNAc_801,O801,176,,active,NE,NE,,0
1612,O-glycan_b-D-Galp_802,O802,90,,active,NE,NE,,0
1613,O-glycan_b-D-Galp_802,O802,91,,active,NE,NE,,0
1614,O-glycan_b-D-Galp_802,O802,6,,active,NE,NE,,0
1615,O-glycan_b-D-Galp_802,O802,48,,active,NE,NE,,0
1616,O-glycan_b-D-Galp_802,O802,44,,active,NE,NE,,0
1617,O-glycan_b-D-Galp_802,O802,63,,active,NE,NE,,0
1618,O-glycan_b-D-Galp_802,O802,183,,active,NE,NE,,0
1619,O-glycan_b-D-Galp_802,O802,184,,active,NE,NE,,0
1620,O-glycan_b-D-Galp_802,O802,181,,active,NE,NE,,0
1621,O-glycan_b-D-Galp_802,O802,182,,active,NE,NE,,0
1622,O-glycan_a-D-NeupNAc_803,O803,3,,active,NE,NE,,0
1623,O-glycan_a-D-NeupNAc_803,O803,53,,active,NE,NE,,0
1624,O-glycan_a-D-NeupNAc_803,O803,43,,active,NE,NE,,0
1625,O-glycan_a-D-NeupNAc_803,O803,52,,active,NE,NE,,0
1626,O-glycan_b-D-GlcpNAc_806,O806,185,,active,NE,NE,,0
1627,O-glycan_b-D-GlcpNAc_806,O806,186,,active,NE,NE,,0
1628,O-glycan_b-D-GlcpNAc_807,O807,37,,active,NE,NE,,0
1629,O-glycan_b-D-GlcpNAc_807,O807,40,,active,NE,NE,,0
1630,O-glycan_b-D-Galp_808,O808,90,,active,NE,NE,,0
1631,O-glycan_b-D-Galp_808,O808,91,,active,NE,NE,,0
1632,O-glycan_b-D-Galp_808,O808,6,,active,NE,NE,,0
1633,O-glycan_b-D-Galp_808,O808,48,,active,NE,NE,,0
1634,O-glycan_b-D-Galp_808,O808,44,,active,NE,NE,,0
1635,O-glycan_b-D-Galp_808,O808,63,,active,NE,NE,,0
1636,O-glycan_b-D-Galp_808,O808,183,,active,NE,NE,,0
1637,O-glycan_b-D-Galp_808,O808,184,,active,NE,NE,,0
1638,O-glycan_b-D-Galp_808,O808,181,,active,NE,NE,,0
1639,O-glycan_b-D-Galp_808,O808,182,,active,NE,NE,,0
1640,O-glycan_b-D-Galp_809,O809,90,,active,NE,NE,,0
1641,O-glycan_b-D-Galp_809,O809,91,,active,NE,NE,,0
1642,O-glycan_b-D-Galp_809,O809,6,,active,NE,NE,,0
1643,O-glycan_b-D-Galp_809,O809,48,,active,NE,NE,,0
1644,O-glycan_b-D-Galp_809,O809,44,,active,NE,NE,,0
1645,O-glycan_b-D-Galp_809,O809,63,,active,NE,NE,,0
1646,O-glycan_b-D-Galp_809,O809,183,,active,NE,NE,,0
1647,O-glycan_b-D-Galp_809,O809,184,,active,NE,NE,,0
1648,O-glycan_b-D-Galp_809,O809,181,,active,NE,NE,,0
1649,O-glycan_b-D-Galp_809,O809,182,,active,NE,NE,,0
1650,O-glycan_a-L-Fucp_810,O810,39,,active,NE,NE,,0
1651,O-glycan_a-L-Fucp_810,O810,66,,active,NE,NE,,0
1652,O-glycan_a-L-Fucp_810,O810,71,,active,NE,NE,,0
1653,O-glycan_a-L-Fucp_810,O810,77,,active,NE,NE,,0
1654,O-glycan_a-L-Fucp_810,O810,28,,active,NE,NE,,0
1655,O-glycan_a-L-Fucp_810,O810,82,,active,NE,NE,,0
1656,O-glycan_a-L-Fucp_810,O810,193,,active,NE,NE,,0
1657,O-glycan_a-L-Fucp_810,O810,194,,active,NE,NE,,0
1658,O-glycan_a-L-Fucp_810,O810,15,,active,NE,NE,,0
1659,O-glycan_a-L-Fucp_810,O810,78,,active,NE,NE,,0
1660,O-glycan_a-L-Fucp_811,O811,39,,active,NE,NE,,0
1661,O-glycan_a-L-Fucp_811,O811,66,,active,NE,NE,,0
1662,O-glycan_a-L-Fucp_811,O811,71,,active,NE,NE,,0
1663,O-glycan_a-L-Fucp_811,O811,77,,active,NE,NE,,0
1664,O-glycan_a-L-Fucp_811,O811,28,,active,NE,NE,,0
1665,O-glycan_a-L-Fucp_811,O811,82,,active,NE,NE,,0
1666,O-glycan_a-L-Fucp_811,O811,193,,active,NE,NE,,0
1667,O-glycan_a-L-Fucp_811,O811,194,,active,NE,NE,,0
1668,O-glycan_a-L-Fucp_811,O811,15,,active,NE,NE,,0
1669,O-glycan_a-L-Fucp_811,O811,78,,active,NE,NE,,0
1670,O-glycan_a-D-NeupNAc_812,O812,97,,active,NE,NE,,0
1671,O-glycan_a-D-NeupNAc_812,O812,98,,active,NE,NE,,0
1672,O-glycan_a-D-NeupNAc_813,O813,97,,active,NE,NE,,0
1673,O-glycan_a-D-NeupNAc_813,O813,98,,active,NE,NE,,0
1674,O-glycan_sulfate_816,O816,225,,active,NE,NE,,0
1675,O-glycan_sulfate_816,O816,226,,active,NE,NE,,0
1676,O-glycan_sulfate_817,O817,225,,active,NE,NE,,0
1677,O-glycan_sulfate_817,O817,226,,active,NE,NE,,0
1678,N-glycan_sulfate_534,N534,225,,active,NE,NE,,0
1679,N-glycan_sulfate_534,N534,226,,active,NE,NE,,0
1680,N-glycan_sulfate_535,N535,225,,active,NE,NE,,0
1681,N-glycan_sulfate_535,N535,226,,active,NE,NE,,0
1682,N-glycan_sulfate_536,N536,225,,active,NE,NE,,0
1683,N-glycan_sulfate_536,N536,226,,active,NE,NE,,0
1684,N-glycan_sulfate_537,N537,225,,active,NE,NE,,0
1685,N-glycan_sulfate_537,N537,226,,active,NE,NE,,0
1686,O-glycan_b-D-GlcAp_818,O818,221,,active,NE,NE,,0
1687,O-glycan_b-D-GlcAp_818,O818,222,,active,NE,NE,,0
1688,O-glycan_b-D-GlcAp_818,O818,223,,active,NE,NE,,0
1689,O-glycan_b-D-GlcAp_818,O818,224,,active,NE,NE,,0
1690,O-glycan_b-D-GlcAp_819,O819,221,,active,NE,NE,,0
1691,O-glycan_b-D-GlcAp_819,O819,222,,active,NE,NE,,0
1692,O-glycan_b-D-GlcAp_819,O819,223,,active,NE,NE,,0
1693,O-glycan_b-D-GlcAp_819,O819,224,,active,NE,NE,,0
1694,O-glycan_sulfate_820,O820,225,,active,NE,NE,,0
1695,O-glycan_sulfate_820,O820,226,,active,NE,NE,,0
1696,O-glycan_sulfate_821,O821,225,,active,NE,NE,,0
1697,O-glycan_sulfate_821,O821,226,,active,NE,NE,,0
1698,O-glycan_core_x-D-Glcx_C3,OC3,227,,active,NE,NE,,0
1699,O-glycan_core_x-D-Glcx_C3,OC3,228,,active,NE,NE,,0
1700,O-glycan_a-D-Xylp_804,O804,229,,active,NE,NE,,0
1701,O-glycan_a-D-Xylp_804,O804,230,,active,NE,NE,,0
1702,O-glycan_a-D-Xylp_804,O804,231,,active,NE,NE,,0
1703,O-glycan_a-D-Xylp_804,O804,232,,active,NE,NE,,0
1704,O-glycan_a-D-Xylp_805,O805,233,,active,NE,NE,,0
1705,O-glycan_a-D-Xylp_805,O805,234,,active,NE,NE,,0
1706,O-glycan_core_x-D-Glcx_C3,OC3,235,,active,NE,NE,,0
1707,O-glycan_core_x-D-Glcx_C3,OC3,236,,active,NE,NE,,0
1708,O-glycan_core_x-D-Glcx_C3,OC3,237,,active,NE,NE,,0
1709,O-glycan_core_x-D-Glcx_C3,OC3,238,,active,NE,NE,,0
1710,O-glycan_core_x-D-GlcxNAc_C2,OC2,239,,active,NE,NE,,0
1711,O-glycan_core_x-D-GlcxNAc_C2,OC2,240,,active,NE,NE,,0
1712,O-glycan_b-D-Galp_822,O822,90,,active,NE,NE,,0
1713,O-glycan_b-D-Galp_822,O822,91,,active,NE,NE,,0
1714,O-glycan_b-D-Galp_822,O822,6,,active,NE,NE,,0
1715,O-glycan_b-D-Galp_822,O822,48,,active,NE,NE,,0
1716,O-glycan_b-D-Galp_822,O822,44,,active,NE,NE,,0
1717,O-glycan_b-D-Galp_822,O822,63,,active,NE,NE,,0
1718,O-glycan_b-D-Galp_822,O822,183,,active,NE,NE,,0
1719,O-glycan_b-D-Galp_822,O822,184,,active,NE,NE,,0
1720,O-glycan_b-D-Galp_822,O822,181,,active,NE,NE,,0
1721,O-glycan_b-D-Galp_822,O822,182,,active,NE,NE,,0
1722,N-glycan_a-D-KDN_120,N120,3,,active,NE,NE,,0
1723,N-glycan_a-D-KDN_120,N120,53,,active,NE,NE,,0
1724,N-glycan_a-D-KDN_120,N120,43,,active,NE,NE,,0
1725,N-glycan_a-D-KDN_120,N120,52,,active,NE,NE,,0
1726,N-glycan_a-D-KDN_121,N121,17,,active,NE,NE,,0
1727,N-glycan_a-D-KDN_121,N121,86,,active,NE,NE,,0
1728,N-glycan_a-D-KDN_121,N121,24,,active,NE,NE,,0
1729,N-glycan_a-D-KDN_121,N121,41,,active,NE,NE,,0
1730,N-glycan_a-D-KDN_121,N121,62,,active,NE,NE,,0
1731,N-glycan_a-D-KDN_121,N121,64,,active,NE,NE,,0
1732,N-glycan_a-D-KDN_122,N122,17,,active,NE,NE,,0
1733,N-glycan_a-D-KDN_122,N122,86,,active,NE,NE,,0
1734,N-glycan_a-D-KDN_122,N122,24,,active,NE,NE,,0
1735,N-glycan_a-D-KDN_122,N122,41,,active,NE,NE,,0
1736,N-glycan_a-D-KDN_122,N122,62,,active,NE,NE,,0
1737,N-glycan_a-D-KDN_122,N122,64,,active,NE,NE,,0
1738,N-glycan_a-D-KDN_134,N134,3,,active,NE,NE,,0
1739,N-glycan_a-D-KDN_134,N134,53,,active,NE,NE,,0
1740,N-glycan_a-D-KDN_134,N134,43,,active,NE,NE,,0
1741,N-glycan_a-D-KDN_134,N134,52,,active,NE,NE,,0
1742,N-glycan_a-D-KDN_124,N124,101,,active,NE,NE,,0
1743,N-glycan_a-D-KDN_124,N124,102,,active,NE,NE,,0
1744,N-glycan_a-D-KDN_124,N124,103,,active,NE,NE,,0
1745,N-glycan_a-D-KDN_124,N124,104,,active,NE,NE,,0
1746,N-glycan_a-D-KDN_124,N124,105,,active,NE,NE,,0
1747,N-glycan_a-D-KDN_124,N124,106,,active,NE,NE,,0
1748,N-glycan_a-D-KDN_124,N124,107,,active,NE,NE,,0
1749,N-glycan_a-D-KDN_124,N124,108,,active,NE,NE,,0
1750,N-glycan_a-D-KDN_124,N124,109,,active,NE,NE,,0
1751,N-glycan_a-D-KDN_124,N124,110,,active,NE,NE,,0
1752,N-glycan_a-D-KDN_124,N124,111,,active,NE,NE,,0
1753,N-glycan_a-D-KDN_124,N124,112,,active,NE,NE,,0
1754,N-glycan_a-D-KDN_127,N127,3,,active,NE,NE,,0
1755,N-glycan_a-D-KDN_127,N127,53,,active,NE,NE,,0
1756,N-glycan_a-D-KDN_127,N127,43,,active,NE,NE,,0
1757,N-glycan_a-D-KDN_127,N127,52,,active,NE,NE,,0
1758,N-glycan_a-D-KDN_129,N129,101,,active,NE,NE,,0
1759,N-glycan_a-D-KDN_129,N129,102,,active,NE,NE,,0
1760,N-glycan_a-D-KDN_129,N129,103,,active,NE,NE,,0
1761,N-glycan_a-D-KDN_129,N129,104,,active,NE,NE,,0
1762,N-glycan_a-D-KDN_129,N129,105,,active,NE,NE,,0
1763,N-glycan_a-D-KDN_129,N129,106,,active,NE,NE,,0
1764,N-glycan_a-D-KDN_129,N129,107,,active,NE,NE,,0
1765,N-glycan_a-D-KDN_129,N129,108,,active,NE,NE,,0
1766,N-glycan_a-D-KDN_129,N129,109,,active,NE,NE,,0
1767,N-glycan_a-D-KDN_129,N129,110,,active,NE,NE,,0
1768,N-glycan_a-D-KDN_129,N129,111,,active,NE,NE,,0
1769,N-glycan_a-D-KDN_129,N129,112,,active,NE,NE,,0
1770,N-glycan_a-D-KDN_125,N125,17,,active,NE,NE,,0
1771,N-glycan_a-D-KDN_125,N125,86,,active,NE,NE,,0
1772,N-glycan_a-D-KDN_125,N125,24,,active,NE,NE,,0
1773,N-glycan_a-D-KDN_125,N125,41,,active,NE,NE,,0
1774,N-glycan_a-D-KDN_125,N125,62,,active,NE,NE,,0
1775,N-glycan_a-D-KDN_125,N125,64,,active,NE,NE,,0
1782,N-glycan_a-D-KDN_133,N133,17,,active,NE,NE,,0
1783,N-glycan_a-D-KDN_133,N133,86,,active,NE,NE,,0
1784,N-glycan_a-D-KDN_133,N133,24,,active,NE,NE,,0
1785,N-glycan_a-D-KDN_133,N133,41,,active,NE,NE,,0
1786,N-glycan_a-D-KDN_133,N133,62,,active,NE,NE,,0
1787,N-glycan_a-D-KDN_133,N133,64,,active,NE,NE,,0
1788,N-glycan_a-D-KDN_136,N136,17,,active,NE,NE,,0
1789,N-glycan_a-D-KDN_136,N136,86,,active,NE,NE,,0
1790,N-glycan_a-D-KDN_136,N136,24,,active,NE,NE,,0
1791,N-glycan_a-D-KDN_136,N136,41,,active,NE,NE,,0
1792,N-glycan_a-D-KDN_136,N136,62,,active,NE,NE,,0
1793,N-glycan_a-D-KDN_136,N136,64,,active,NE,NE,,0
1794,N-glycan_a-D-KDN_138,N138,17,,active,NE,NE,,0
1795,N-glycan_a-D-KDN_138,N138,86,,active,NE,NE,,0
1796,N-glycan_a-D-KDN_138,N138,24,,active,NE,NE,,0
1797,N-glycan_a-D-KDN_138,N138,41,,active,NE,NE,,0
1798,N-glycan_a-D-KDN_138,N138,62,,active,NE,NE,,0
1799,N-glycan_a-D-KDN_138,N138,64,,active,NE,NE,,0
1800,N-glycan_a-D-KDN_139,N139,17,,active,NE,NE,,0
1801,N-glycan_a-D-KDN_139,N139,86,,active,NE,NE,,0
1802,N-glycan_a-D-KDN_139,N139,24,,active,NE,NE,,0
1803,N-glycan_a-D-KDN_139,N139,41,,active,NE,NE,,0
1804,N-glycan_a-D-KDN_139,N139,62,,active,NE,NE,,0
1805,N-glycan_a-D-KDN_139,N139,64,,active,NE,NE,,0
1806,N-glycan_a-D-KDN_141,N141,17,,active,NE,NE,,0
1807,N-glycan_a-D-KDN_141,N141,86,,active,NE,NE,,0
1808,N-glycan_a-D-KDN_141,N141,24,,active,NE,NE,,0
1809,N-glycan_a-D-KDN_141,N141,41,,active,NE,NE,,0
1810,N-glycan_a-D-KDN_141,N141,62,,active,NE,NE,,0
1811,N-glycan_a-D-KDN_141,N141,64,,active,NE,NE,,0
1812,N-glycan_a-D-KDN_143,N143,3,,active,NE,NE,,0
1813,N-glycan_a-D-KDN_143,N143,53,,active,NE,NE,,0
1814,N-glycan_a-D-KDN_143,N143,43,,active,NE,NE,,0
1815,N-glycan_a-D-KDN_143,N143,52,,active,NE,NE,,0
1816,N-glycan_a-D-KDN_145,N145,17,,active,NE,NE,,0
1817,N-glycan_a-D-KDN_145,N145,86,,active,NE,NE,,0
1818,N-glycan_a-D-KDN_145,N145,24,,active,NE,NE,,0
1819,N-glycan_a-D-KDN_145,N145,41,,active,NE,NE,,0
1820,N-glycan_a-D-KDN_145,N145,62,,active,NE,NE,,0
1821,N-glycan_a-D-KDN_145,N145,64,,active,NE,NE,,0
1822,N-glycan_a-D-KDN_147,N147,101,,active,NE,NE,,0
1823,N-glycan_a-D-KDN_147,N147,102,,active,NE,NE,,0
1824,N-glycan_a-D-KDN_147,N147,103,,active,NE,NE,,0
1825,N-glycan_a-D-KDN_147,N147,104,,active,NE,NE,,0
1826,N-glycan_a-D-KDN_147,N147,105,,active,NE,NE,,0
1827,N-glycan_a-D-KDN_147,N147,106,,active,NE,NE,,0
1828,N-glycan_a-D-KDN_147,N147,107,,active,NE,NE,,0
1829,N-glycan_a-D-KDN_147,N147,108,,active,NE,NE,,0
1830,N-glycan_a-D-KDN_147,N147,109,,active,NE,NE,,0
1831,N-glycan_a-D-KDN_147,N147,110,,active,NE,NE,,0
1832,N-glycan_a-D-KDN_147,N147,111,,active,NE,NE,,0
1833,N-glycan_a-D-KDN_147,N147,112,,active,NE,NE,,0
1834,N-glycan_a-D-KDN_131,N131,3,,active,NE,NE,,0
1835,N-glycan_a-D-KDN_131,N131,53,,active,NE,NE,,0
1836,N-glycan_a-D-KDN_131,N131,43,,active,NE,NE,,0
1837,N-glycan_a-D-KDN_131,N131,52,,active,NE,NE,,0
1838,N-glycan_b-D-GlcpNAc_36,N36,347,,active,NE,NE,,0
1839,O-glycan_b-D-GlcpNAc_577,O577,347,,active,NE,NE,,0
1840,O-glycan_b-D-GlcpNAc_744,O744,347,,active,NE,NE,,0
1841,O-glycan_b-D-GlcpNAc_699,O699,347,,active,NE,NE,,0
1842,N-glycan_b-D-GlcpNAc_59,N59,347,,active,NE,NE,,0
1843,N-glycan_b-D-GlcpNAc_67,N67,347,,active,NE,NE,,0
1844,N-glycan_b-D-GlcpNAc_232,N232,347,,active,NE,NE,,0
1845,N-glycan_b-D-GlcpNAc_265,N265,347,,active,NE,NE,,0
1846,N-glycan_b-D-GlcpNAc_62,N62,347,,active,NE,NE,,0
1847,O-glycan_b-D-GlcpNAc_582,O582,347,,active,NE,NE,,0
1848,N-glycan_b-D-GlcpNAc_234,N234,347,,active,NE,NE,,0
1849,O-glycan_b-D-GlcpNAc_718,O718,347,,active,NE,NE,,0
1850,N-glycan_b-D-GlcpNAc_75,N75,347,,active,NE,NE,,0
1851,N-glycan_b-D-GlcpNAc_76,N76,347,,active,NE,NE,,0
1852,N-glycan_b-D-GlcpNAc_291,N291,347,,active,NE,NE,,0
1853,N-glycan_b-D-GlcpNAc_292,N292,347,,active,NE,NE,,0
1854,N-glycan_b-D-GlcpNAc_65,N65,347,,active,NE,NE,,0
1856,N-glycan_a-D-NeupNAc_268,N268,269,,active,NE,NE,,0
1857,O-glycan_a-D-NeupNAc_745,O745,269,,active,NE,NE,,0
1858,N-glycan_a-D-NeupNAc_233,N233,269,,active,NE,NE,,0
1859,O-glycan_a-D-NeupNGc_604,O604,269,,active,NE,NE,,0
1860,N-glycan_a-D-KDN_143,N143,269,,active,NE,NE,,0
1861,N-glycan_a-D-NeupNAc_35,N35,269,Prefers a3 manose arm over a6,active,NE,NE,,0
1862,N-glycan_a-D-KDN_131,N131,269,,active,NE,NE,,0
1863,N-glycan_a-D-NeupNGc_142,N142,269,,active,NE,NE,,0
1864,N-glycan_a-D-NeupNGc_47,N47,269,Prefers a3 mannose arm over a6 - mouse enzyme utilized CMP-NeuGc 7x faster and CMP-NeuAc in vitro (Hamamoto et al 1995) - unknown preference by human enzyme - low amt of NeuGc in Human glycans as it can't be synthesized by comes from external sources,active,NE,NE,,0
1865,N-glycan_a-D-NeupNGc_126,N126,269,,active,NE,NE,,0
1866,N-glycan_a-D-NeupNGc_48,N48,269,Prefers a3 mannose arm over a6-  mouse enzyme utilized CMP-NeuGc 7x faster and CMP-NeuAc in vitro (Hamamoto et al 1995) unknown preference by human enzyme - low amt of NeuGc in Human glycans as it can't be synthesized by comes from external sources,active,NE,NE,,0
1867,O-glycan_a-D-NeupNAc_728,O728,269,,active,NE,NE,,0
1868,N-glycan_a-D-NeupNGc_49,N49,269,Prefers a3 mannose arm over a6 - mouse enzyme utilized CMP-NeuGc 7x faster and CMP-NeuAc in vitro (Hamamoto et al 1995) unknown preference by human enzyme - low amt of NeuGc in Human glycans as it can't be synthesized by comes from external sources,active,NE,NE,,0
1869,N-glycan_a-D-KDN_120,N120,269,,active,NE,NE,,0
1870,N-glycan_a-D-NeupNAc_12,N12,269,major,active,NE,NE,,0
1871,N-glycan_a-D-NeupNAc_13,N13,269,major,active,NE,NE,,0
1872,O-glycan_a-D-NeupNAc_719,O719,269,,active,NE,NE,,0
1873,N-glycan_a-D-KDN_134,N134,269,,active,NE,NE,,0
1874,N-glycan_a-D-NeupNAc_14,N14,269,major,active,NE,NE,,0
1875,O-glycan_a-D-NeupNAc_588,O588,269,,active,NE,NE,,0
1876,O-glycan_a-D-NeupNAc_803,O803,269,,active,NE,NE,,0
1877,N-glycan_a-D-KDN_127,N127,269,,active,NE,NE,,0
1878,O-glycan_a-D-NeupNAc_580,O580,269,,active,NE,NE,,0
1879,N-glycan_a-D-NeupNAc_379,N379,269,,active,NE,NE,,0
1880,N-glycan_a-D-NeupNAc_290,N290,269,,active,NE,NE,,0
1881,N-glycan_a-D-NeupNAc_410,N410,269,,active,NE,NE,,0
1882,N-glycan_a-D-NeupNAc_412,N412,269,,active,NE,NE,,0
1883,N-glycan_a-D-NeupNAc_222,N222,269,,active,NE,NE,,0
1884,N-glycan_a-D-NeupNAc_100,N100,269,,active,NE,NE,,0
1885,N-glycan_a-L-Fucp_329,N329,257,,active,NE,NE,,0
1886,N-glycan_a-L-Fucp_328,N328,257,,active,NE,NE,,0
1887,N-glycan_a-L-Fucp_81,N81,257,,active,NE,NE,,0
1888,O-glycan_a-L-Fucp_735,O735,257,,active,NE,NE,,0
1889,N-glycan_a-L-Fucp_200,N200,257,,active,NE,NE,,0
1890,O-glycan_a-L-Fucp_566,O566,257,,active,NE,NE,,0
1891,O-glycan_a-L-Fucp_607,O607,257,,active,NE,NE,,0
1892,N-glycan_a-L-Fucp_71,N71,257,,active,NE,NE,,0
1893,O-glycan_a-L-Fucp_556,O556,257,,active,NE,NE,,0
1894,O-glycan_a-L-Fucp_659,O659,257,,active,NE,NE,,0
1895,O-glycan_a-L-Fucp_660,O660,257,,active,NE,NE,,0
1896,O-glycan_a-L-Fucp_709,O709,257,,active,NE,NE,,0
1897,O-glycan_a-L-Fucp_741,O741,257,,active,NE,NE,,0
1898,O-glycan_a-L-Fucp_683,O683,257,,active,NE,NE,,0
1899,O-glycan_a-L-Fucp_734,O734,257,,active,NE,NE,,0
1900,O-glycan_a-L-Fucp_747,O747,257,,active,NE,NE,,0
1901,O-glycan_a-L-Fucp_167,O167,257,,active,NE,NE,,0
1902,N-glycan_a-L-Fucp_102,N102,257,,active,NE,NE,,0
1903,N-glycan_a-L-Fucp_103,N103,257,,active,NE,NE,,0
1904,N-glycan_a-L-Fucp_53,N53,257,,active,NE,NE,,0
1905,N-glycan_a-L-Fucp_54,N54,257,,active,NE,NE,,0
1906,O-glycan_a-L-Fucp_154,O154,257,,active,NE,NE,,0
1907,O-glycan_a-L-Fucp_726,O726,257,,active,NE,NE,,0
1908,N-glycan_b-D-GlcpNAc_11,N11,331,,active,NE,NE,,0
1944,O-glycan_b-D-GalpNAc_581,O581,320,,active,NE,NE,,0
1945,O-glycan_b-D-GalpNAc_762,O762,320,,active,NE,NE,,0
1946,N-glycan_b-D-GalpNAc_466,N466,320,,active,NE,NE,,0
1947,N-glycan_b-D-GalpNAc_72,N72,320,,active,NE,NE,,0
1948,N-glycan_b-D-GalpNAc_29,N29,320,,active,NE,NE,,0
1949,N-glycan_b-D-GalpNAc_74,N74,320,,active,NE,NE,,0
1950,N-glycan_b-D-GalpNAc_30,N30,320,,active,NE,NE,,0
1951,N-glycan_b-D-Galp_297,N297,298,,active,NE,NE,,0
1952,N-glycan_b-D-Galp_86,N86,298,,active,NE,NE,,0
1953,O-glycan_b-D-Galp_544,O544,298,,active,NE,NE,,0
1954,N-glycan_b-D-Galp_78,N78,298,,active,NE,NE,,0
1955,N-glycan_b-D-Galp_28,N28,298,,active,NE,NE,,0
1956,N-glycan_b-D-Galp_44,N44,298,,active,NE,NE,,0
1957,O-glycan_b-D-Galp_540,O540,298,,active,NE,NE,,0
1958,N-glycan_a-D-Glcp_26,N26,248,,active,NE,NE,,0
1959,N-glycan_a-D-Glcp_25,N25,256,,active,NE,NE,,0
1960,N-glycan_a-L-Fucp_18,N18,326,,active,NE,NE,,0
1961,N-glycan_a-L-Fucp_279,N279,326,,active,NE,NE,,0
1962,N-glycan_a-L-Fucp_230,N230,326,,active,NE,NE,,0
1963,O-glycan_a-L-Fucp_811,O811,326,,active,NE,NE,,0
1964,O-glycan_a-L-Fucp_548,O548,326,,active,NE,NE,,0
1965,N-glycan_a-L-Fucp_42,N42,326,Prefers Non-SO4 & Non-SA - little to no act on 3O SO4 or SA,active,NE,NE,,0
1966,O-glycan_a-L-Fucp_705,O705,326,,active,NE,NE,,0
1967,N-glycan_a-L-Fucp_277,N277,326,,active,NE,NE,,0
1968,O-glycan_a-L-Fucp_671,O671,326,,active,NE,NE,,0
1969,N-glycan_a-L-Fucp_98,N98,326,,active,NE,NE,,0
1970,N-glycan_a-L-Fucp_43,N43,326,Prefers Non-SO4 & Non-SA - little to no act on 3O SO4 or SA,active,NE,NE,,0
1971,N-glycan_a-L-Fucp_231,N231,326,,active,NE,NE,,0
1972,O-glycan_a-L-Fucp_810,O810,326,,active,NE,NE,,0
1973,N-glycan_a-L-Fucp_99,N99,326,,active,NE,NE,,0
1974,O-glycan_a-L-Fucp_563,O563,326,,active,NE,NE,,0
1975,O-glycan_a-L-Fucp_669,O669,326,,active,NE,NE,,0
1976,N-glycan_a-D-Manp_4,N4,285,,active,NE,NE,,0
1977,N-glycan_a-D-Manp_1,N1,285,,active,NE,NE,,0
1978,N-glycan_a-D-NeupNAc_401,N401,336,,active,NE,NE,,0
1979,N-glycan_a-D-KDN_138,N138,336,,active,NE,NE,,0
1980,N-glycan_a-D-NeupNAc_58,N58,336,minor (type 1> type2),active,NE,NE,,0
1981,N-glycan_a-D-NeupNAc_17,N17,336,minor (type 1> type2),active,NE,NE,,0
1982,N-glycan_a-D-NeupNAc_106,N106,336,,active,NE,NE,,0
1983,N-glycan_a-D-KDN_139,N139,336,,active,NE,NE,,0
1984,O-glycan_a-D-NeupNGc_603,O603,336,,active,NE,NE,,0
1985,N-glycan_a-D-NeupNAc_61,N61,336,minor (type 1> type2),active,NE,NE,,0
1986,N-glycan_a-D-NeupNAc_34,N34,336,minor (type 1> type2),active,NE,NE,,0
1987,N-glycan_a-D-KDN_141,N141,336,,active,NE,NE,,0
1988,N-glycan_a-D-NeupNAc_64,N64,336,minor (type 1> type2),active,NE,NE,,0
1989,N-glycan_a-D-NeupNAc_38,N38,336,minor (type 1> type2),active,NE,NE,,0
1990,N-glycan_a-D-KDN_145,N145,336,,active,NE,NE,,0
1991,N-glycan_a-D-NeupNAc_16,N16,336,minor (type 1> type2),active,NE,NE,,0
1992,O-glycan_a-D-NeupNGc_623,O623,336,,active,NE,NE,,0
1993,O-glycan_a-D-NeupNAc_703,O703,336,,active,NE,NE,,0
1994,N-glycan_a-D-NeupNAc_73,N73,336,minor (type 1> type2),active,NE,NE,,0
1995,N-glycan_a-D-NeupNGc_132,N132,336,,active,NE,NE,,0
1996,O-glycan_a-D-NeupNAc_590,O590,336,,active,NE,NE,,0
1997,N-glycan_a-D-NeupNAc_312,N312,336,Capping Step 3,active,NE,NE,,0
1998,N-glycan_a-D-NeupNAc_101,N101,336,minor (type 1> type2),active,NE,NE,,0
1999,N-glycan_a-D-NeupNGc_382,N382,336,,active,NE,NE,,0
2000,N-glycan_a-D-NeupNGc_130,N130,336,,active,NE,NE,,0
2001,O-glycan_a-D-NeupNAc_704,O704,336,,active,NE,NE,,0
2002,O-glycan_a-D-NeupNAc_586,O586,336,,active,NE,NE,,0
2003,N-glycan_a-D-NeupNGc_137,N137,336,,active,NE,NE,,0
2004,N-glycan_a-D-NeupNAc_271,N271,336,,active,NE,NE,,0
2005,O-glycan_a-D-NeupNAc_727,O727,336,,active,NE,NE,,0
2006,N-glycan_a-D-KDN_121,N121,336,,active,NE,NE,,0
2007,O-glycan_a-D-NeupNAc_159,O159,336,,active,NE,NE,,0
2008,N-glycan_a-D-NeupNAc_33,N33,336,major,active,NE,NE,,0
2009,N-glycan_a-D-NeupNAc_272,N272,336,,active,NE,NE,,0
2010,N-glycan_a-D-KDN_122,N122,336,,active,NE,NE,,0
2011,N-glycan_a-D-NeupNGc_424,N424,336,,active,NE,NE,,0
2012,N-glycan_a-D-NeupNAc_411,N411,336,,active,NE,NE,,0
2013,N-glycan_a-D-NeupNGc_140,N140,336,,active,NE,NE,,0
2014,N-glycan_a-D-NeupNAc_46,N46,336,minor (type 1> type2),active,NE,NE,,0
2015,N-glycan_a-D-NeupNGc_135,N135,336,,active,NE,NE,,0
2016,O-glycan_a-D-NeupNAc_587,O587,336,,active,NE,NE,,0
2017,N-glycan_a-D-NeupNGc_144,N144,336,,active,NE,NE,,0
2018,N-glycan_a-D-NeupNGc_57,N57,336,minor (type 1> type2),active,NE,NE,,0
2019,N-glycan_a-D-KDN_125,N125,336,,active,NE,NE,,0
2020,N-glycan_a-D-NeupNGc_55,N55,336,minor (type 1> type2),active,NE,NE,,0
2021,N-glycan_a-D-NeupNGc_56,N56,336,minor (type 1> type2),active,NE,NE,,0
2022,N-glycan_a-D-KDN_133,N133,336,,active,NE,NE,,0
2023,O-glycan_a-D-NeupNAc_761,O761,336,,active,NE,NE,,0
2024,N-glycan_a-D-KDN_136,N136,336,,active,NE,NE,,0
2025,N-glycan_a-D-NeupNAc_105,N105,336,,active,NE,NE,,0
2026,N-glycan_a-D-Manp_21,N21,264,,active,NE,NE,,0
2027,N-glycan_a-D-Manp_22,N22,264,,active,NE,NE,,0
2028,N-glycan_core_b-D-Manp,NC,250,,active,NE,NE,,0
2029,O-glycan_b-D-GalpNAc_762,O762,334,,active,NE,NE,,0
2030,N-glycan_b-D-GalpNAc_466,N466,334,,active,NE,NE,,0
2031,N-glycan_b-D-GalpNAc_72,N72,334,,active,NE,NE,,0
2032,N-glycan_b-D-GalpNAc_29,N29,334,,active,NE,NE,,0
2033,N-glycan_b-D-GalpNAc_74,N74,334,,active,NE,NE,,0
2034,N-glycan_b-D-GalpNAc_30,N30,334,,active,NE,NE,,0
2035,O-glycan_b-D-GalpNAc_581,O581,334,,active,NE,NE,,0
2036,N-glycan_b-D-GlcpNAc_7,N7,283,,active,NE,NE,,0
2037,N-glycan_a-L-Fucp_279,N279,309,,active,NE,NE,,0
2038,O-glycan_a-L-Fucp_811,O811,309,,active,NE,NE,,0
2039,N-glycan_a-L-Fucp_230,N230,309,,active,NE,NE,,0
2040,O-glycan_a-L-Fucp_548,O548,309,,active,NE,NE,,0
2041,O-glycan_a-L-Fucp_705,O705,309,,active,NE,NE,,0
2042,N-glycan_a-L-Fucp_277,N277,309,,active,NE,NE,,0
2043,N-glycan_a-L-Fucp_42,N42,309,Equal preference` for 3O sulf and Non-SO4 and Non-SA Type 1 and 2 - Little act on Sial,active,NE,NE,,0
2044,O-glycan_a-L-Fucp_671,O671,309,,active,NE,NE,,0
2045,N-glycan_a-L-Fucp_98,N98,309,,active,NE,NE,,0
2046,N-glycan_a-L-Fucp_43,N43,309,Equal preference for 3O sulf and Non-SO4 and Non-SA Type 1 and 2 - Little act on Sial,active,NE,NE,,0
2047,N-glycan_a-L-Fucp_99,N99,309,,active,NE,NE,,0
2048,O-glycan_a-L-Fucp_810,O810,309,,active,NE,NE,,0
2049,N-glycan_a-L-Fucp_231,N231,309,,active,NE,NE,,0
2050,O-glycan_a-L-Fucp_563,O563,309,,active,NE,NE,,0
2051,O-glycan_a-L-Fucp_669,O669,309,,active,NE,NE,,0
2052,N-glycan_a-L-Fucp_18,N18,309,,active,NE,NE,,0
2053,N-glycan_core_b-D-GlcpNAc_B,NB,261,,active,NE,NE,,0
2054,N-glycan_core_D-GlcNAc_A,NA,308,,active,NE,NE,,0
2055,N-glycan_b-D-GlcpNAc_59,N59,300,major,active,NE,NE,,0
2056,N-glycan_b-D-GlcpNAc_67,N67,300,major,active,NE,NE,,0
2057,N-glycan_b-D-GlcpNAc_232,N232,300,,active,NE,NE,,0
2058,N-glycan_b-D-GlcpNAc_62,N62,300,major,active,NE,NE,,0
2059,O-glycan_b-D-GlcpNAc_582,O582,300,,active,NE,NE,,0
2060,N-glycan_b-D-GlcpNAc_234,N234,300,,active,NE,NE,,0
2061,O-glycan_b-D-GlcpNAc_718,O718,300,,active,NE,NE,,0
2062,N-glycan_b-D-GlcpNAc_75,N75,300,major,active,NE,NE,,0
2063,N-glycan_b-D-GlcpNAc_76,N76,300,,active,NE,NE,,0
2064,O-glycan_b-D-GlcpNAc_744,O744,300,,active,NE,NE,,0
2065,N-glycan_b-D-GlcpNAc_292,N292,300,,active,NE,NE,,0
2066,N-glycan_b-D-GlcpNAc_291,N291,300,,active,NE,NE,,0
2067,N-glycan_b-D-GlcpNAc_65,N65,300,major,active,NE,NE,,0
2068,N-glycan_b-D-GlcpNAc_265,N265,300,,active,NE,NE,,0
2069,N-glycan_b-D-GlcpNAc_36,N36,300,major,active,NE,NE,,0
2070,O-glycan_b-D-GlcpNAc_577,O577,300,,active,NE,NE,,0
2071,O-glycan_b-D-GlcpNAc_699,O699,300,,active,NE,NE,,0
2076,O-glycan_a-L-Fucp_811,O811,254,,active,NE,NE,,0
2077,O-glycan_a-L-Fucp_548,O548,254,,active,NE,NE,,0
2078,O-glycan_a-L-Fucp_705,O705,254,,active,NE,NE,,0
2079,N-glycan_a-L-Fucp_41,N41,254,??? May GT to GlcNAc with out attached B4Gal residue,active,NE,NE,,0
2080,O-glycan_a-L-Fucp_671,O671,254,,active,NE,NE,,0
2081,N-glycan_a-L-Fucp_98,N98,254,,active,NE,NE,,0
2082,N-glycan_a-L-Fucp_277,N277,254,,active,NE,NE,,0
2083,N-glycan_a-L-Fucp_99,N99,254,,active,NE,NE,,0
2084,O-glycan_a-L-Fucp_810,O810,254,,active,NE,NE,,0
2085,N-glycan_a-L-Fucp_231,N231,254,,active,NE,NE,,0
2086,O-glycan_a-L-Fucp_563,O563,254,,active,NE,NE,,0
2087,O-glycan_a-L-Fucp_669,O669,254,,active,NE,NE,,0
2088,N-glycan_a-L-Fucp_279,N279,254,,active,NE,NE,,0
2089,N-glycan_a-L-Fucp_230,N230,254,,active,NE,NE,,0
2090,N-glycan_a-D-NeupNAc_268,N268,245,,active,NE,NE,,0
2091,O-glycan_a-D-NeupNAc_745,O745,245,,active,NE,NE,,0
2092,N-glycan_a-D-NeupNAc_233,N233,245,,active,NE,NE,,0
2093,O-glycan_a-D-NeupNGc_604,O604,245,,active,NE,NE,,0
2094,N-glycan_a-D-KDN_143,N143,245,,active,NE,NE,,0
2095,N-glycan_a-D-NeupNAc_35,N35,245,,active,NE,NE,,0
2096,N-glycan_a-D-KDN_131,N131,245,,active,NE,NE,,0
2097,N-glycan_a-D-NeupNGc_142,N142,245,,active,NE,NE,,0
2098,N-glycan_a-D-NeupNGc_47,N47,245,,active,NE,NE,,0
2099,N-glycan_a-D-NeupNGc_126,N126,245,,active,NE,NE,,0
2100,N-glycan_a-D-NeupNGc_48,N48,245,,active,NE,NE,,0
2101,O-glycan_a-D-NeupNAc_728,O728,245,,active,NE,NE,,0
2102,N-glycan_a-D-NeupNGc_49,N49,245,,active,NE,NE,,0
2103,N-glycan_a-D-KDN_120,N120,245,,active,NE,NE,,0
2104,N-glycan_a-D-NeupNAc_12,N12,245,minor,active,NE,NE,,0
2105,N-glycan_a-D-NeupNAc_13,N13,245,minor,active,NE,NE,,0
2106,O-glycan_a-D-NeupNAc_719,O719,245,,active,NE,NE,,0
2107,N-glycan_a-D-KDN_134,N134,245,,active,NE,NE,,0
2108,N-glycan_a-D-NeupNAc_14,N14,245,minor,active,NE,NE,,0
2109,O-glycan_a-D-NeupNAc_588,O588,245,,active,NE,NE,,0
2110,O-glycan_a-D-NeupNAc_803,O803,245,,active,NE,NE,,0
2111,N-glycan_a-D-KDN_127,N127,245,,active,NE,NE,,0
2112,O-glycan_a-D-NeupNAc_580,O580,245,,active,NE,NE,,0
2113,N-glycan_a-D-NeupNAc_379,N379,245,,active,NE,NE,,0
2114,N-glycan_a-D-NeupNAc_290,N290,245,,active,NE,NE,,0
2115,N-glycan_a-D-NeupNAc_410,N410,245,,active,NE,NE,,0
2116,N-glycan_a-D-NeupNAc_412,N412,245,,active,NE,NE,,0
2117,N-glycan_a-D-NeupNAc_222,N222,245,,active,NE,NE,,0
2118,N-glycan_a-D-NeupNAc_100,N100,245,,active,NE,NE,,0
2119,N-glycan_b-D-Galp_63,N63,259,,active,NE,NE,,0
2120,N-glycan_b-D-Galp_80,N80,259,,active,NE,NE,,0
2121,O-glycan_b-D-Galp_158,O158,259,,active,NE,NE,,0
2122,O-glycan_b-D-Galp_700,O700,259,,active,NE,NE,,0
2123,O-glycan_b-D-Galp_663,O663,259,,active,NE,NE,,0
2124,N-glycan_b-D-Galp_340,N340,259,,active,NE,NE,,0
2125,N-glycan_b-D-Galp_287,N287,259,,active,NE,NE,,0
2126,N-glycan_b-D-Galp_358,N358,259,,active,NE,NE,,0
2127,N-glycan_b-D-Galp_3,N3,259,,active,NE,NE,,0
2128,N-glycan_b-D-Galp_289,N289,259,,active,NE,NE,,0
2129,N-glycan_b-D-Galp_6,N6,259,,active,NE,NE,,0
2130,O-glycan_b-D-Galp_822,O822,259,,active,NE,NE,,0
2131,O-glycan_b-D-Galp_539,O539,259,,active,NE,NE,,0
2132,N-glycan_b-D-Galp_66,N66,259,,active,NE,NE,,0
2133,N-glycan_b-D-Galp_32,N32,259,,active,NE,NE,,0
2134,O-glycan_b-D-Galp_644,O644,259,Capping Step 5,active,NE,NE,,0
2135,N-glycan_b-D-Galp_8,N8,259,,active,NE,NE,,0
2136,N-glycan_b-D-Galp_68,N68,259,,active,NE,NE,,0
2137,O-glycan_b-D-Galp_802,O802,259,,active,NE,NE,,0
2138,N-glycan_b-D-Galp_10,N10,259,,active,NE,NE,,0
2139,N-glycan_b-D-Galp_281,N281,259,,active,NE,NE,,0
2140,N-glycan_b-D-Galp_280,N280,259,,active,NE,NE,,0
2141,O-glycan_b-D-Galp_808,O808,259,,active,NE,NE,,0
2142,N-glycan_b-D-Galp_77,N77,259,,active,NE,NE,,0
2143,O-glycan_b-D-Galp_809,O809,259,,active,NE,NE,,0
2144,O-glycan_b-D-Galp_670,O670,259,,active,NE,NE,,0
2145,O-glycan_b-D-Galp_742,O742,259,,active,NE,NE,,0
2146,N-glycan_b-D-Galp_37,N37,259,,active,NE,NE,,0
2147,N-glycan_b-D-Galp_60,N60,259,,active,NE,NE,,0
2156,N-glycan_b-D-GlcpNAc_5,N5,296,,active,NE,NE,,0
2157,N-glycan_b-D-GlcpNAc_2,N2,322,,active,NE,NE,,0
2158,N-glycan_a-L-Fucp_329,N329,310,,active,NE,NE,,0
2159,N-glycan_a-L-Fucp_328,N328,310,,active,NE,NE,,0
2160,N-glycan_a-L-Fucp_81,N81,310,,active,NE,NE,,0
2161,O-glycan_a-L-Fucp_735,O735,310,,active,NE,NE,,0
2162,N-glycan_a-L-Fucp_200,N200,310,,active,NE,NE,,0
2163,O-glycan_a-L-Fucp_566,O566,310,,active,NE,NE,,0
2164,O-glycan_a-L-Fucp_607,O607,310,,active,NE,NE,,0
2165,N-glycan_a-L-Fucp_71,N71,310,,active,NE,NE,,0
2166,O-glycan_a-L-Fucp_556,O556,310,,active,NE,NE,,0
2167,O-glycan_a-L-Fucp_659,O659,310,,active,NE,NE,,0
2168,O-glycan_a-L-Fucp_660,O660,310,,active,NE,NE,,0
2169,O-glycan_a-L-Fucp_709,O709,310,,active,NE,NE,,0
2170,O-glycan_a-L-Fucp_741,O741,310,,active,NE,NE,,0
2171,O-glycan_a-L-Fucp_683,O683,310,,active,NE,NE,,0
2172,O-glycan_a-L-Fucp_734,O734,310,,active,NE,NE,,0
2173,O-glycan_a-L-Fucp_747,O747,310,,active,NE,NE,,0
2174,O-glycan_a-L-Fucp_167,O167,310,,active,NE,NE,,0
2175,N-glycan_a-L-Fucp_102,N102,310,,active,NE,NE,,0
2176,N-glycan_a-L-Fucp_103,N103,310,,active,NE,NE,,0
2177,N-glycan_a-L-Fucp_53,N53,310,,active,NE,NE,,0
2178,N-glycan_a-L-Fucp_54,N54,310,,active,NE,NE,,0
2179,O-glycan_a-L-Fucp_154,O154,310,,active,NE,NE,,0
2180,O-glycan_a-L-Fucp_726,O726,310,,active,NE,NE,,0
2181,O-glycan_a-D-NeupNAc_761,O761,290,,active,NE,NE,,0
2182,N-glycan_a-D-KDN_136,N136,290,,active,NE,NE,,0
2183,N-glycan_a-D-NeupNAc_105,N105,290,,active,NE,NE,,0
2184,N-glycan_a-D-NeupNAc_401,N401,290,,active,NE,NE,,0
2185,N-glycan_a-D-KDN_138,N138,290,,active,NE,NE,,0
2186,N-glycan_a-D-NeupNAc_58,N58,290,type 2,active,NE,NE,,0
2187,N-glycan_a-D-NeupNAc_17,N17,290,type 2,active,NE,NE,,0
2188,N-glycan_a-D-NeupNAc_106,N106,290,,active,NE,NE,,0
2189,N-glycan_a-D-KDN_139,N139,290,,active,NE,NE,,0
2190,N-glycan_a-D-NeupNAc_61,N61,290,type 2,active,NE,NE,,0
2191,N-glycan_a-D-NeupNAc_34,N34,290,type 2,active,NE,NE,,0
2192,O-glycan_a-D-NeupNGc_603,O603,290,,active,NE,NE,,0
2193,N-glycan_a-D-KDN_141,N141,290,,active,NE,NE,,0
2194,N-glycan_a-D-NeupNAc_64,N64,290,type 2,active,NE,NE,,0
2195,N-glycan_a-D-NeupNAc_38,N38,290,type 2,active,NE,NE,,0
2196,N-glycan_a-D-NeupNAc_16,N16,290,type 2,active,NE,NE,,0
2197,N-glycan_a-D-KDN_145,N145,290,,active,NE,NE,,0
2198,O-glycan_a-D-NeupNGc_623,O623,290,,active,NE,NE,,0
2199,N-glycan_a-D-NeupNAc_73,N73,290,type 2,active,NE,NE,,0
2200,O-glycan_a-D-NeupNAc_703,O703,290,,active,NE,NE,,0
2201,N-glycan_a-D-NeupNGc_132,N132,290,,active,NE,NE,,0
2202,N-glycan_a-D-NeupNAc_101,N101,290,type 2,active,NE,NE,,0
2203,O-glycan_a-D-NeupNAc_590,O590,290,,active,NE,NE,,0
2204,N-glycan_a-D-NeupNAc_312,N312,290,Capping Step 3,active,NE,NE,,0
2205,N-glycan_a-D-NeupNGc_382,N382,290,,active,NE,NE,,0
2206,N-glycan_a-D-NeupNGc_130,N130,290,,active,NE,NE,,0
2207,O-glycan_a-D-NeupNAc_704,O704,290,,active,NE,NE,,0
2208,N-glycan_a-D-NeupNGc_137,N137,290,,active,NE,NE,,0
2209,O-glycan_a-D-NeupNAc_586,O586,290,,active,NE,NE,,0
2210,N-glycan_a-D-NeupNAc_271,N271,290,,active,NE,NE,,0
2211,N-glycan_a-D-KDN_121,N121,290,,active,NE,NE,,0
2212,O-glycan_a-D-NeupNAc_727,O727,290,,active,NE,NE,,0
2213,N-glycan_a-D-NeupNAc_33,N33,290,minor,active,NE,NE,,0
2214,O-glycan_a-D-NeupNAc_159,O159,290,,active,NE,NE,,0
2215,N-glycan_a-D-KDN_122,N122,290,,active,NE,NE,,0
2216,N-glycan_a-D-NeupNAc_272,N272,290,,active,NE,NE,,0
2217,N-glycan_a-D-NeupNGc_424,N424,290,,active,NE,NE,,0
2218,N-glycan_a-D-NeupNAc_411,N411,290,,active,NE,NE,,0
2219,N-glycan_a-D-NeupNGc_140,N140,290,,active,NE,NE,,0
2220,N-glycan_a-D-NeupNAc_46,N46,290,type 2,active,NE,NE,,0
2221,N-glycan_a-D-NeupNGc_135,N135,290,,active,NE,NE,,0
2222,N-glycan_a-D-NeupNGc_144,N144,290,,active,NE,NE,,0
2223,O-glycan_a-D-NeupNAc_587,O587,290,,active,NE,NE,,0
2224,N-glycan_a-D-KDN_125,N125,290,,active,NE,NE,,0
2225,N-glycan_a-D-NeupNGc_55,N55,290,type 2,active,NE,NE,,0
2226,N-glycan_a-D-NeupNGc_56,N56,290,type 2,active,NE,NE,,0
2227,N-glycan_a-D-KDN_133,N133,290,,active,NE,NE,,0
2228,N-glycan_a-D-NeupNGc_57,N57,290,type 2,active,NE,NE,,0
2246,N-glycan_a-L-Fucp_230,N230,271,,active,NE,NE,,0
2247,O-glycan_a-L-Fucp_548,O548,271,,active,NE,NE,,0
2248,O-glycan_a-L-Fucp_705,O705,271,,active,NE,NE,,0
2249,N-glycan_a-L-Fucp_41,N41,271,???,active,NE,NE,,0
2250,O-glycan_a-L-Fucp_671,O671,271,,active,NE,NE,,0
2251,N-glycan_a-L-Fucp_98,N98,271,,active,NE,NE,,0
2252,N-glycan_a-L-Fucp_277,N277,271,,active,NE,NE,,0
2253,O-glycan_a-L-Fucp_811,O811,271,,active,NE,NE,,0
2254,N-glycan_a-L-Fucp_99,N99,271,,active,NE,NE,,0
2255,O-glycan_a-L-Fucp_810,O810,271,,active,NE,NE,,0
2256,N-glycan_a-L-Fucp_231,N231,271,,active,NE,NE,,0
2257,O-glycan_a-L-Fucp_563,O563,271,,active,NE,NE,,0
2258,O-glycan_a-L-Fucp_669,O669,271,,active,NE,NE,,0
2259,N-glycan_a-L-Fucp_279,N279,271,,active,NE,NE,,0
2260,N-glycan_b-D-GlcpNAc_7,N7,335,,active,NE,NE,,0
2261,N-glycan_a-L-Fucp_15,N15,249,,active,NE,NE,,0
2262,N-glycan_b-D-GlcpNAc_9,N9,340,major,active,NE,NE,,0
2263,N-glycan_b-D-Galp_63,N63,292,,active,NE,NE,,0
2264,N-glycan_b-D-Galp_80,N80,292,,active,NE,NE,,0
2265,O-glycan_b-D-Galp_746,O746,292,,active,NE,NE,,0
2266,O-glycan_b-D-Galp_700,O700,292,,active,NE,NE,,0
2267,O-glycan_b-D-Galp_675,O675,292,,active,NE,NE,,0
2268,O-glycan_b-D-Galp_663,O663,292,,active,NE,NE,,0
2269,N-glycan_b-D-Galp_340,N340,292,,active,NE,NE,,0
2270,N-glycan_b-D-Galp_287,N287,292,,active,NE,NE,,0
2271,N-glycan_b-D-Galp_289,N289,292,,active,NE,NE,,0
2272,N-glycan_b-D-Galp_358,N358,292,,active,NE,NE,,0
2273,N-glycan_b-D-Galp_3,N3,292,,active,NE,NE,,0
2274,O-glycan_b-D-Galp_822,O822,292,,active,NE,NE,,0
2275,N-glycan_b-D-Galp_6,N6,292,,active,NE,NE,,0
2276,O-glycan_b-D-Galp_539,O539,292,,active,NE,NE,,0
2277,N-glycan_b-D-Galp_66,N66,292,,active,NE,NE,,0
2278,N-glycan_b-D-Galp_32,N32,292,These enzymes will GT to B1-4 linked GlcNAc on the a3 arm mannose but b4 GlcNAc on the a6 arm (#31) is putative,active,NE,NE,,0
2279,O-glycan_b-D-Galp_158,O158,292,,active,NE,NE,,0
2280,N-glycan_b-D-Galp_8,N8,292,,active,NE,NE,,0
2281,N-glycan_b-D-Galp_68,N68,292,,active,NE,NE,,0
2282,O-glycan_b-D-Galp_555,O555,292,,active,NE,NE,,0
2283,O-glycan_b-D-Galp_802,O802,292,,active,NE,NE,,0
2284,N-glycan_b-D-Galp_281,N281,292,,active,NE,NE,,0
2285,N-glycan_b-D-Galp_10,N10,292,,active,NE,NE,,0
2286,O-glycan_b-D-Galp_644,O644,292,,active,NE,NE,,0
2287,N-glycan_b-D-Galp_280,N280,292,,active,NE,NE,,0
2288,O-glycan_b-D-Galp_808,O808,292,,active,NE,NE,,0
2289,N-glycan_b-D-Galp_77,N77,292,,active,NE,NE,,0
2290,O-glycan_b-D-Galp_809,O809,292,,active,NE,NE,,0
2291,O-glycan_b-D-Galp_670,O670,292,,active,NE,NE,,0
2292,O-glycan_b-D-Galp_742,O742,292,,active,NE,NE,,0
2293,N-glycan_b-D-Galp_37,N37,292,,active,NE,NE,,0
2294,N-glycan_b-D-Galp_60,N60,292,,active,NE,NE,,0
2295,O-glycan_b-D-Galp_731,O731,292,,active,NE,NE,,0
2296,O-glycan_b-D-Galp_152,O152,330,,active,NE,NE,,0
2297,O-glycan_b-D-Galp_152,O152,267,,active,NE,NE,,0
2298,O-glycan_a-D-NeupNGc_536,O536,255,,active,NE,NE,,0
2299,O-glycan_a-D-NeupNGc_603,O603,255,,active,NE,NE,,0
2300,O-glycan_a-D-NeupNAc_812,O812,255,,active,NE,NE,,0
2301,O-glycan_a-D-NeupNAc_813,O813,255,,active,NE,NE,,0
2302,O-glycan_a-D-NeupNGc_623,O623,255,,active,NE,NE,,0
2303,O-glycan_a-D-NeupNAc_703,O703,255,,active,NE,NE,,0
2304,O-glycan_a-D-NeupNAc_590,O590,255,,active,NE,NE,,0
2305,N-glycan_a-D-NeupNAc_312,N312,255,Capping Step 3,active,NE,NE,,0
2306,O-glycan_a-D-NeupNAc_704,O704,255,,active,NE,NE,,0
2307,O-glycan_a-D-NeupNAc_586,O586,255,,active,NE,NE,,0
2308,N-glycan_a-D-NeupNAc_271,N271,255,,active,NE,NE,,0
2309,O-glycan_a-D-NeupNAc_727,O727,255,,active,NE,NE,,0
2310,N-glycan_a-D-NeupNAc_272,N272,255,,active,NE,NE,,0
2311,N-glycan_a-D-NeupNGc_424,N424,255,,active,NE,NE,,0
2312,O-glycan_a-D-NeupNAc_159,O159,255,,active,NE,NE,,0
2313,O-glycan_a-D-NeupNAc_587,O587,255,,active,NE,NE,,0
2314,O-glycan_a-D-NeupNAc_168,O168,255,,active,NE,NE,,0
2315,O-glycan_a-D-NeupNAc_761,O761,255,,active,NE,NE,,0
2316,N-glycan_a-D-NeupNAc_401,N401,255,,active,NE,NE,,0
2317,O-glycan_a-D-GlcpNAc_613,O613,260,,active,NE,NE,,0
2318,O-glycan_a-D-GlcpNAc_537,O537,260,,active,NE,NE,,0
2319,N-glycan_a-D-NeupNAc_96,N96,266,,active,NE,NE,,0
2320,O-glycan_a-D-NeupNAc_760,O760,266,,active,NE,NE,,0
2321,N-glycan_a-D-NeupNGc_146,N146,266,,active,NE,NE,,0
2322,N-glycan_a-D-NeupNGc_128,N128,266,,active,NE,NE,,0
2323,N-glycan_a-D-NeupNAc_69,N69,266,,active,NE,NE,,0
2324,N-glycan_a-D-KDN_124,N124,266,,active,NE,NE,,0
2325,N-glycan_a-D-KDN_147,N147,266,,active,NE,NE,,0
2326,N-glycan_a-D-NeupNAc_349,N349,266,,active,NE,NE,,0
2327,N-glycan_a-D-NeupNGc_123,N123,266,,active,NE,NE,,0
2328,O-glycan_a-D-NeupNAc_535,O535,266,,active,NE,NE,,0
2329,O-glycan_a-D-NeupNGc_163,O163,266,,active,NE,NE,,0
2330,N-glycan_a-D-NeupNAc_70,N70,266,,active,NE,NE,,0
2331,N-glycan_a-D-KDN_129,N129,266,,active,NE,NE,,0
2345,N-glycan_a-D-KDN_129,N129,258,,active,NE,NE,,0
2346,N-glycan_a-D-KDN_147,N147,258,,active,NE,NE,,0
2347,N-glycan_a-D-NeupNAc_96,N96,258,,active,NE,NE,,0
2348,O-glycan_a-D-NeupNAc_760,O760,258,,active,NE,NE,,0
2349,N-glycan_a-D-NeupNGc_146,N146,258,,active,NE,NE,,0
2350,N-glycan_a-D-NeupNGc_128,N128,258,,active,NE,NE,,0
2351,N-glycan_a-D-NeupNAc_69,N69,258,,active,NE,NE,,0
2352,N-glycan_a-D-KDN_124,N124,258,,active,NE,NE,,0
2353,N-glycan_a-D-NeupNAc_349,N349,258,,active,NE,NE,,0
2354,O-glycan_a-D-NeupNAc_535,O535,258,,active,NE,NE,,0
2355,N-glycan_a-D-NeupNGc_123,N123,258,,active,NE,NE,,0
2356,O-glycan_a-D-NeupNGc_163,O163,258,,active,NE,NE,,0
2357,N-glycan_a-D-NeupNAc_70,N70,258,,active,NE,NE,,0
2371,O-glycan_a-D-NeupNGc_163,O163,301,,active,NE,NE,,0
2372,N-glycan_a-D-NeupNAc_70,N70,301,,active,NE,NE,,0
2373,N-glycan_a-D-KDN_129,N129,301,,active,NE,NE,,0
2374,N-glycan_a-D-KDN_147,N147,301,,active,NE,NE,,0
2375,N-glycan_a-D-NeupNAc_96,N96,301,,active,NE,NE,,0
2376,O-glycan_a-D-NeupNAc_760,O760,301,,active,NE,NE,,0
2377,N-glycan_a-D-NeupNAc_349,N349,301,,active,NE,NE,,0
2378,N-glycan_a-D-NeupNGc_146,N146,301,,active,NE,NE,,0
2379,N-glycan_a-D-NeupNGc_128,N128,301,,active,NE,NE,,0
2380,N-glycan_a-D-NeupNAc_69,N69,301,,active,NE,NE,,0
2381,N-glycan_a-D-KDN_124,N124,301,,active,NE,NE,,0
2382,O-glycan_a-D-NeupNAc_535,O535,301,,active,NE,NE,,0
2383,N-glycan_a-D-NeupNGc_123,N123,301,,active,NE,NE,,0
2397,O-glycan_a-D-GalpNAc_C,OC,281,,active,NE,NE,,0
2399,O-glycan_core_a-D-GalpNAc_C,OC,333,,active,NE,NE,,0
2400,O-glycan_core_a-D-GalpNAc_C,OC,272,,active,NE,NE,,0
2401,O-glycan_core_a-D-GalpNAc_C,OC,273,,active,NE,NE,,0
2402,O-glycan_core_a-D-GalpNAc_C,OC,324,,active,NE,NE,,0
2403,O-glycan_core_a-D-GalpNAc_C,OC,244,,active,NE,NE,,0
2404,O-glycan_core_a-D-GalpNAc_C,OC,280,,active,NE,NE,,0
2405,O-glycan_core_a-D-GalpNAc_C,OC,288,,active,NE,NE,,0
2406,O-glycan_core_a-D-GalpNAc_C,OC,276,,active,NE,NE,,0
2407,O-glycan_core_a-D-GalpNAc_C,OC,286,,active,NE,NE,,0
2408,O-glycan_core_a-D-GalpNAc_C,OC,297,,active,NE,NE,,0
2409,O-glycan_core_a-D-GalpNAc_C,OC,287,,active,NE,NE,,0
2410,O-glycan_core_a-D-GalpNAc_C,OC,263,,active,NE,NE,,0
2412,O-glycan_core_a-D-GalpNAc_C,OC,350,,active,NE,NE,,0
2413,O-glycan_core_a-D-GalpNAc_C,OC,338,,active,NE,NE,,0
2414,O-glycan_core_a-D-GalpNAc_C,OC,323,,active,NE,NE,,0
2420,O-glycan_b-D-GlcpNAc_645,O645,349,,active,NE,NE,,0
2421,O-glycan_b-D-GlcpNAc_157,O157,349,,active,NE,NE,,0
2422,O-glycan_b-D-GlcpNAc_538,O538,349,,active,NE,NE,,0
2423,N-glycan_b-D-GlcpNAc_351,N351,349,,active,NE,NE,,0
2424,O-glycan_b-D-GlcpNAc_619,O619,349,,active,NE,NE,,0
2425,O-glycan_b-D-GlcpNAc_678,O678,349,,active,NE,NE,,0
2426,N-glycan_b-D-GlcpNAc_249,N249,349,,active,NE,NE,,0
2427,O-glycan_b-D-GlcpNAc_673,O673,349,,active,NE,NE,,0
2428,N-glycan_b-D-GlcpNAc_427,N427,349,,active,NE,NE,,0
2429,O-glycan_b-D-GlcpNAc_645,O645,314,,active,NE,NE,,0
2430,O-glycan_b-D-GlcpNAc_538,O538,314,,active,NE,NE,,0
2431,N-glycan_b-D-GlcpNAc_351,N351,314,,active,NE,NE,,0
2432,O-glycan_b-D-GlcpNAc_157,O157,314,,active,NE,NE,,0
2433,O-glycan_b-D-GlcpNAc_619,O619,314,,active,NE,NE,,0
2434,O-glycan_b-D-GlcpNAc_678,O678,314,,active,NE,NE,,0
2435,N-glycan_b-D-GlcpNAc_249,N249,314,,active,NE,NE,,0
2436,O-glycan_b-D-GlcpNAc_673,O673,314,,active,NE,NE,,0
2437,N-glycan_b-D-GlcpNAc_427,N427,314,,active,NE,NE,,0
2438,O-glycan_b-D-GlcpNAc_645,O645,274,,active,NE,NE,,0
2439,O-glycan_b-D-GlcpNAc_538,O538,274,,active,NE,NE,,0
2440,N-glycan_b-D-GlcpNAc_351,N351,274,,active,NE,NE,,0
2441,O-glycan_b-D-GlcpNAc_157,O157,274,,active,NE,NE,,0
2442,O-glycan_b-D-GlcpNAc_619,O619,274,,active,NE,NE,,0
2443,O-glycan_b-D-GlcpNAc_678,O678,274,,active,NE,NE,,0
2444,N-glycan_b-D-GlcpNAc_249,N249,274,,active,NE,NE,,0
2445,O-glycan_b-D-GlcpNAc_673,O673,274,,active,NE,NE,,0
2446,N-glycan_b-D-GlcpNAc_427,N427,274,,active,NE,NE,,0
2447,O-glycan_a-D-Galp_568,O568,282,,proposed,NE,NE,,0
2448,N-glycan_a-D-Galp_115,N115,282,,proposed,NE,NE,,0
2449,N-glycan_a-D-Galp_52,N52,282,,proposed,NE,NE,,0
2450,N-glycan_a-D-Galp_39,N39,282,,proposed,NE,NE,,0
2451,N-glycan_a-D-Galp_309,N309,282,,proposed,NE,NE,,0
2452,N-glycan_a-D-Galp_331,N331,282,,proposed,NE,NE,,0
2453,N-glycan_a-D-Galp_50,N50,282,,proposed,NE,NE,,0
2454,N-glycan_a-D-Galp_51,N51,282,,proposed,NE,NE,,0
2455,O-glycan_a-D-Galp_557,O557,282,,proposed,NE,NE,,0
2456,O-glycan_a-D-Galp_764,O764,282,,active,NE,NE,,0
2457,O-glycan_a-D-Galp_763,O763,282,,active,NE,NE,,0
2458,O-glycan_a-D-Galp_570,O570,282,,proposed,NE,NE,,0
2459,O-glycan_a-D-Galp_560,O560,282,,proposed,NE,NE,,0
2460,N-glycan_a-D-Galp_114,N114,282,,proposed,NE,NE,,0
2461,O-glycan_b-D-GlcpNAc_156,O156,305,,active,NE,NE,,0
2462,O-glycan_core_x-D-GlcxNAc_C2,OC2,275,,active,NE,NE,,0
2463,O-glycan_core_x-L-Fucx_C1,OC1,247,,active,NE,NE,,0
2464,O-glycan_b-D-GlcpNAc_801,O801,291,,active,NE,NE,,0
2465,O-glycan_b-D-GlcpNAc_801,O801,342,,active,NE,NE,,0
2466,O-glycan_b-D-GlcpNAc_801,O801,328,,active,NE,NE,,0
2467,O-glycan_core_x-D-Manx_C4,OC4,251,,active,NE,NE,,0
2469,O-glycan_b-D-Galp_663,O663,303,,active,NE,NE,,0
2470,O-glycan_b-D-Galp_808,O808,303,,active,NE,NE,,0
2471,O-glycan_b-D-Galp_158,O158,303,,active,NE,NE,,0
2472,O-glycan_b-D-Galp_644,O644,303,Capping Step 5,active,NE,NE,,0
2473,O-glycan_b-D-Galp_809,O809,303,,active,NE,NE,,0
2474,O-glycan_b-D-Galp_670,O670,303,,active,NE,NE,,0
2475,O-glycan_b-D-Galp_802,O802,303,,active,NE,NE,,0
2476,O-glycan_b-D-Galp_700,O700,303,,active,NE,NE,,0
2477,O-glycan_b-D-Galp_822,O822,303,,active,NE,NE,,0
2478,O-glycan_b-D-Galp_742,O742,303,,active,NE,NE,,0
2479,O-glycan_b-D-Galp_539,O539,303,,active,NE,NE,,0
2480,O-glycan_b-D-Galp_663,O663,341,,active,NE,NE,,0
2481,O-glycan_b-D-Galp_808,O808,341,,active,NE,NE,,0
2482,O-glycan_b-D-Galp_158,O158,341,,active,NE,NE,,0
2483,O-glycan_b-D-Galp_644,O644,341,Capping Step 5,active,NE,NE,,0
2484,O-glycan_b-D-Galp_809,O809,341,,active,NE,NE,,0
2485,O-glycan_b-D-Galp_670,O670,341,,active,NE,NE,,0
2486,O-glycan_b-D-Galp_802,O802,341,,active,NE,NE,,0
2487,O-glycan_b-D-Galp_700,O700,341,,active,NE,NE,,0
2488,O-glycan_b-D-Galp_822,O822,341,,active,NE,NE,,0
2489,O-glycan_b-D-Galp_742,O742,341,,active,NE,NE,,0
2490,O-glycan_b-D-Galp_539,O539,341,,active,NE,NE,,0
2491,O-glycan_b-D-GlcpNAc_806,O806,293,,active,NE,NE,,0
2492,O-glycan_core_x-L-Fucx_C1,OC1,262,,active,NE,NE,,0
2493,O-glycan_core_x-D-Manx_C4,OC4,321,,active,NE,NE,,0
2494,N-glycan_a-L-Fucp_279,N279,318,,active,NE,NE,,0
2495,O-glycan_a-L-Fucp_811,O811,318,,active,NE,NE,,0
2496,N-glycan_a-L-Fucp_230,N230,318,,active,NE,NE,,0
2497,O-glycan_a-L-Fucp_705,O705,318,,active,NE,NE,,0
2498,N-glycan_a-L-Fucp_277,N277,318,,active,NE,NE,,0
2499,O-glycan_a-L-Fucp_671,O671,318,,active,NE,NE,,0
2500,N-glycan_a-L-Fucp_98,N98,318,,active,NE,NE,,0
2501,O-glycan_a-L-Fucp_810,O810,318,,active,NE,NE,,0
2502,O-glycan_a-L-Fucp_548,O548,318,,active,NE,NE,,0
2503,N-glycan_a-L-Fucp_99,N99,318,,active,NE,NE,,0
2504,N-glycan_a-L-Fucp_231,N231,318,,active,NE,NE,,0
2505,O-glycan_a-L-Fucp_669,O669,318,,active,NE,NE,,0
2506,O-glycan_a-L-Fucp_563,O563,318,,active,NE,NE,,0
2507,N-glycan_a-D-NeupNAc_272,N272,316,,active,NE,NE,,0
2508,O-glycan_a-D-NeupNAc_590,O590,316,,active,NE,NE,,0
2509,N-glycan_a-D-NeupNAc_312,N312,316,Capping Step 3,active,NE,NE,,0
2510,O-glycan_a-D-NeupNAc_587,O587,316,,active,NE,NE,,0
2511,N-glycan_a-D-NeupNGc_424,N424,316,,active,NE,NE,,0
2512,O-glycan_a-D-NeupNGc_603,O603,316,,active,NE,NE,,0
2513,O-glycan_a-D-NeupNGc_623,O623,316,,active,NE,NE,,0
2514,O-glycan_a-D-NeupNAc_704,O704,316,,active,NE,NE,,0
2515,O-glycan_a-D-NeupNAc_586,O586,316,,active,NE,NE,,0
2516,N-glycan_a-D-NeupNAc_401,N401,316,,active,NE,NE,,0
2517,N-glycan_a-D-NeupNAc_271,N271,316,,active,NE,NE,,0
2518,O-glycan_a-D-NeupNAc_761,O761,316,,active,NE,NE,,0
2519,O-glycan_a-D-NeupNAc_703,O703,316,,active,NE,NE,,0
2520,O-glycan_a-D-NeupNAc_727,O727,316,,active,NE,NE,,0
2521,O-glycan_a-D-NeupNAc_159,O159,316,,active,NE,NE,,0
2522,O-glycan_a-D-NeupNAc_703,O703,242,,active,NE,NE,,0
2523,O-glycan_a-D-NeupNAc_727,O727,242,,active,NE,NE,,0
2524,O-glycan_a-D-NeupNAc_159,O159,242,,active,NE,NE,,0
2525,N-glycan_a-D-NeupNAc_401,N401,242,,active,NE,NE,,0
2526,N-glycan_a-D-NeupNAc_272,N272,242,,active,NE,NE,,0
2527,O-glycan_a-D-NeupNAc_590,O590,242,,active,NE,NE,,0
2528,N-glycan_a-D-NeupNAc_312,N312,242,Capping Step 3,active,NE,NE,,0
2529,O-glycan_a-D-NeupNAc_587,O587,242,,active,NE,NE,,0
2530,N-glycan_a-D-NeupNGc_424,N424,242,,active,NE,NE,,0
2531,O-glycan_a-D-NeupNGc_623,O623,242,,active,NE,NE,,0
2532,O-glycan_a-D-NeupNGc_603,O603,242,,active,NE,NE,,0
2533,O-glycan_a-D-NeupNAc_704,O704,242,,active,NE,NE,,0
2534,O-glycan_a-D-NeupNAc_586,O586,242,,active,NE,NE,,0
2535,N-glycan_a-D-NeupNAc_271,N271,242,,active,NE,NE,,0
2536,O-glycan_a-D-NeupNAc_761,O761,242,,active,NE,NE,,0
2537,O-glycan_b-D-Galp_540,O540,299,,active,NE,NE,,0
2538,O-glycan_b-D-Galp_544,O544,299,,active,NE,NE,,0
2539,O-glycan_b-D-Galp_544,O544,289,,active,NE,NE,,0
2540,O-glycan_b-D-Galp_540,O540,289,,active,NE,NE,,0
2541,O-glycan_b-D-GlcpNAc_744,O744,344,,active,NE,NE,,0
2542,O-glycan_b-D-GlcpNAc_699,O699,344,,active,NE,NE,,0
2543,O-glycan_b-D-GlcpNAc_718,O718,344,,active,NE,NE,,0
2544,O-glycan_b-D-GlcpNAc_577,O577,344,,active,NE,NE,,0
2545,O-glycan_b-D-GlcpNAc_582,O582,344,,active,NE,NE,,0
2546,N-glycan_b-D-GalpNAc_108,N108,268,,active,NE,NE,,0
2547,O-glycan_b-D-GalpNAc_627,O627,268,,active,NE,NE,,0
2548,N-glycan_b-D-GalpNAc_109,N109,268,,active,NE,NE,,0
2549,N-glycan_b-D-GalpNAc_82,N82,268,,active,NE,NE,,0
2550,N-glycan_b-D-GalpNAc_107,N107,268,,active,NE,NE,,0
2551,O-glycan_b-D-GalpNAc_634,O634,268,,active,NE,NE,,0
2558,N-glycan_sulfate_470,N470,253,,active,NE,NE,,0
2559,N-glycan_sulfate_469,N469,253,,active,NE,NE,,0
2560,O-glycan_b-D-GlcAp_814,O814,246,,active,NE,NE,,0
2561,O-glycan_b-D-GlcAp_815,O815,246,,active,NE,NE,,0
2562,N-glycan_b-D-GlcAp_532,N532,246,,active,NE,NE,,0
2563,N-glycan_b-D-GlcAp_533,N533,246,,active,NE,NE,,0
2564,N-glycan_b-D-GlcAp_522,N522,246,,active,NE,NE,,0
2565,N-glycan_b-D-GlcAp_523,N523,246,,active,NE,NE,,0
2566,O-glycan_b-D-GlcAp_818,O818,246,,active,NE,NE,,0
2567,O-glycan_b-D-GlcAp_819,O819,246,,active,NE,NE,,0
2568,O-glycan_b-D-GlcAp_814,O814,243,,active,NE,NE,,0
2569,O-glycan_b-D-GlcAp_815,O815,243,,active,NE,NE,,0
2570,N-glycan_b-D-GlcAp_532,N532,243,,active,NE,NE,,0
2571,O-glycan_b-D-GlcAp_818,O818,243,,active,NE,NE,,0
2572,N-glycan_b-D-GlcAp_533,N533,243,,active,NE,NE,,0
2573,N-glycan_b-D-GlcAp_522,N522,243,,active,NE,NE,,0
2574,N-glycan_b-D-GlcAp_523,N523,243,,active,NE,NE,,0
2575,O-glycan_b-D-GlcAp_819,O819,243,,active,NE,NE,,0
2576,O-glycan_sulfate_821,O821,270,,active,NE,NE,,0
2577,O-glycan_sulfate_816,O816,270,,active,NE,NE,,0
2578,O-glycan_sulfate_817,O817,270,,active,NE,NE,,0
2579,N-glycan_sulfate_534,N534,270,,active,NE,NE,,0
2580,N-glycan_sulfate_535,N535,270,,active,NE,NE,,0
2581,N-glycan_sulfate_536,N536,270,,active,NE,NE,,0
2582,N-glycan_sulfate_537,N537,270,,active,NE,NE,,0
2583,O-glycan_sulfate_820,O820,270,,active,NE,NE,,0
2584,O-glycan_core_x-D-Glcx_C3,OC3,252,,active,NE,NE,,0
2585,O-glycan_a-D-Xylp_804,O804,315,,active,NE,NE,,0
2586,O-glycan_a-D-Xylp_804,O804,307,,active,NE,NE,,0
2587,O-glycan_a-D-Xylp_805,O805,304,,active,NE,NE,,0
2589,O-glycan_core_x-D-Glcx_C3,OC3,265,,active,NE,NE,,0
2590,O-glycan_core_x-D-GlcxNAc_C2,OC2,277,,active,NE,NE,,0
2591,N-glycan_a-D-Glcp_27,N27,351,,active,NE,NE,,0
2592,N-glycan_core_b-D-GlcpNAc_B,NB,352,,active,NE,NE,,0
2593,N-glycan_a-D-NeupNAc_105,N105,356,,active,NE,NE,,0
2594,N-glycan_a-D-NeupNAc_401,N401,356,,active,NE,NE,,0
2595,N-glycan_a-D-KDN_138,N138,356,,active,NE,NE,,0
2596,N-glycan_a-D-NeupNAc_58,N58,356,type 2> type1,active,NE,NE,,0
2597,N-glycan_a-D-NeupNAc_17,N17,356,type 2> type1,active,NE,NE,,0
2598,N-glycan_a-D-NeupNAc_106,N106,356,,active,NE,NE,,0
2599,N-glycan_a-D-KDN_139,N139,356,,active,NE,NE,,0
2600,O-glycan_a-D-NeupNGc_603,O603,356,,active,NE,NE,,0
2601,N-glycan_a-D-NeupNAc_61,N61,356,type 2> type1,active,NE,NE,,0
2602,N-glycan_a-D-NeupNAc_34,N34,356,type 2> type1,active,NE,NE,,0
2603,N-glycan_a-D-KDN_141,N141,356,,active,NE,NE,,0
2604,N-glycan_a-D-NeupNAc_64,N64,356,type 2> type1,active,NE,NE,,0
2605,N-glycan_a-D-NeupNAc_38,N38,356,type 2> type1,active,NE,NE,,0
2606,N-glycan_a-D-KDN_145,N145,356,,active,NE,NE,,0
2607,N-glycan_a-D-NeupNAc_16,N16,356,type 2> type1,active,NE,NE,,0
2608,O-glycan_a-D-NeupNGc_623,O623,356,,active,NE,NE,,0
2609,O-glycan_a-D-NeupNAc_703,O703,356,,active,NE,NE,,0
2610,N-glycan_a-D-NeupNAc_73,N73,356,type 2> type1,active,NE,NE,,0
2611,N-glycan_a-D-NeupNGc_132,N132,356,,active,NE,NE,,0
2612,O-glycan_a-D-NeupNAc_590,O590,356,,active,NE,NE,,0
2613,N-glycan_a-D-NeupNAc_312,N312,356,Capping Step 3,active,NE,NE,,0
2614,N-glycan_a-D-NeupNAc_101,N101,356,type 2> type1,active,NE,NE,,0
2615,N-glycan_a-D-NeupNGc_382,N382,356,,active,NE,NE,,0
2616,N-glycan_a-D-NeupNGc_130,N130,356,,active,NE,NE,,0
2617,O-glycan_a-D-NeupNAc_704,O704,356,,active,NE,NE,,0
2618,O-glycan_a-D-NeupNAc_586,O586,356,,active,NE,NE,,0
2619,N-glycan_a-D-NeupNGc_137,N137,356,,active,NE,NE,,0
2620,N-glycan_a-D-NeupNAc_271,N271,356,,active,NE,NE,,0
2621,O-glycan_a-D-NeupNAc_727,O727,356,,active,NE,NE,,0
2622,N-glycan_a-D-KDN_121,N121,356,,active,NE,NE,,0
2623,O-glycan_a-D-NeupNAc_159,O159,356,,active,NE,NE,,0
2624,N-glycan_a-D-NeupNAc_33,N33,356,minor,active,NE,NE,,0
2625,N-glycan_a-D-NeupNAc_272,N272,356,,active,NE,NE,,0
2626,N-glycan_a-D-KDN_122,N122,356,,active,NE,NE,,0
2627,N-glycan_a-D-NeupNGc_424,N424,356,,active,NE,NE,,0
2628,N-glycan_a-D-NeupNAc_411,N411,356,,active,NE,NE,,0
2629,N-glycan_a-D-NeupNGc_140,N140,356,,active,NE,NE,,0
2630,N-glycan_a-D-NeupNAc_46,N46,356,type 2> type1,active,NE,NE,,0
2631,N-glycan_a-D-NeupNGc_135,N135,356,,active,NE,NE,,0
2632,O-glycan_a-D-NeupNAc_587,O587,356,,active,NE,NE,,0
2633,N-glycan_a-D-NeupNGc_144,N144,356,,active,NE,NE,,0
2634,N-glycan_a-D-KDN_125,N125,356,,active,NE,NE,,0
2635,N-glycan_a-D-NeupNGc_55,N55,356,type 2> type1,active,NE,NE,,0
2636,N-glycan_a-D-NeupNGc_57,N57,356,type 2> type1,active,NE,NE,,0
2637,N-glycan_a-D-NeupNGc_56,N56,356,type 2> type1,active,NE,NE,,0
2638,N-glycan_a-D-KDN_133,N133,356,,active,NE,NE,,0
2639,O-glycan_a-D-NeupNAc_761,O761,356,,active,NE,NE,,0
2640,N-glycan_a-D-KDN_136,N136,356,,active,NE,NE,,0
2641,N-glycan_a-L-Fucp_329,N329,354,,active,NE,NE,,0
2642,N-glycan_a-L-Fucp_328,N328,354,,active,NE,NE,,0
2643,N-glycan_a-L-Fucp_81,N81,354,,active,NE,NE,,0
2644,O-glycan_a-L-Fucp_735,O735,354,,active,NE,NE,,0
2645,N-glycan_a-L-Fucp_200,N200,354,,active,NE,NE,,0
2646,O-glycan_a-L-Fucp_566,O566,354,,active,NE,NE,,0
2647,O-glycan_a-L-Fucp_607,O607,354,,active,NE,NE,,0
2648,N-glycan_a-L-Fucp_71,N71,354,not in human,active,NE,NE,,0
2649,O-glycan_a-L-Fucp_556,O556,354,,active,NE,NE,,0
2650,O-glycan_a-L-Fucp_659,O659,354,,active,NE,NE,,0
2651,O-glycan_a-L-Fucp_660,O660,354,,active,NE,NE,,0
2652,O-glycan_a-L-Fucp_709,O709,354,,active,NE,NE,,0
2653,O-glycan_a-L-Fucp_741,O741,354,,active,NE,NE,,0
2654,O-glycan_a-L-Fucp_683,O683,354,,active,NE,NE,,0
2655,O-glycan_a-L-Fucp_734,O734,354,,active,NE,NE,,0
2656,O-glycan_a-L-Fucp_747,O747,354,,active,NE,NE,,0
2657,O-glycan_a-L-Fucp_167,O167,354,,active,NE,NE,,0
2658,N-glycan_a-L-Fucp_102,N102,354,,active,NE,NE,,0
2659,N-glycan_a-L-Fucp_103,N103,354,,active,NE,NE,,0
2660,N-glycan_a-L-Fucp_53,N53,354,not in human,active,NE,NE,,0
2661,O-glycan_a-L-Fucp_154,O154,354,,active,NE,NE,,0
2662,N-glycan_a-L-Fucp_54,N54,354,not in human,active,NE,NE,,0
2663,O-glycan_a-L-Fucp_726,O726,354,,active,NE,NE,,0
2664,N-glycan_a-D-Galp_114,N114,355,,proposed,NE,NE,,0
2665,O-glycan_a-D-Galp_568,O568,355,,proposed,NE,NE,,0
2666,N-glycan_a-D-Galp_115,N115,355,,proposed,NE,NE,,0
2667,N-glycan_a-D-Galp_52,N52,355,,proposed,NE,NE,,0
2668,N-glycan_a-D-Galp_39,N39,355,,proposed,NE,NE,,0
2669,N-glycan_a-D-Galp_331,N331,355,,proposed,NE,NE,,0
2670,N-glycan_a-D-Galp_309,N309,355,,proposed,NE,NE,,0
2671,N-glycan_a-D-Galp_50,N50,355,,proposed,NE,NE,,0
2672,N-glycan_a-D-Galp_51,N51,355,,proposed,NE,NE,,0
2673,O-glycan_a-D-Galp_557,O557,355,,proposed,NE,NE,,0
2674,O-glycan_a-D-Galp_759,O759,355,,active,NE,NE,,0
2675,O-glycan_a-D-Galp_570,O570,355,,proposed,NE,NE,,0
2676,O-glycan_a-D-Galp_560,O560,355,,proposed,NE,NE,,0
2679,N-glycan_a-D-NeupNAc_457,N457,357,,active,NE,NE,,0
2680,N-glycan_a-D-NeupNAc_457,N457,358,,active,NE,NE,,0
2681,N-glycan_a-D-NeupNAc_457,N457,359,,active,NE,NE,,0
2682,N-glycan_a-D-NeupNAc_457,N457,360,,active,NE,NE,,0
2683,N-glycan_a-D-NeupNAc_457,N457,361,,active,NE,NE,,0
2684,N-glycan_a-D-NeupNAc_457,N457,362,,active,NE,NE,,0
2685,N-glycan_a-D-NeupNAc_457,N457,363,,active,NE,NE,,0
2686,N-glycan_a-D-NeupNAc_457,N457,364,,active,NE,NE,,0
2687,N-glycan_a-D-NeupNAc_457,N457,365,,active,NE,NE,,0
2688,N-glycan_a-D-NeupNAc_457,N457,366,,active,NE,NE,,0
2689,N-glycan_a-D-NeupNAc_457,N457,367,,active,NE,NE,,0
2690,N-glycan_a-D-NeupNAc_457,N457,368,,active,NE,NE,,0
2691,O-glycan_a-D-NeupNAc_579,O579,357,,active,NE,NE,,0
2692,O-glycan_a-D-NeupNAc_579,O579,358,,active,NE,NE,,0
2693,O-glycan_a-D-NeupNAc_579,O579,359,,active,NE,NE,,0
2694,O-glycan_a-D-NeupNAc_579,O579,360,,active,NE,NE,,0
2695,O-glycan_a-D-NeupNAc_579,O579,361,,active,NE,NE,,0
2696,O-glycan_a-D-NeupNAc_579,O579,362,,active,NE,NE,,0
2697,O-glycan_a-D-NeupNAc_579,O579,363,,active,NE,NE,,0
2698,O-glycan_a-D-NeupNAc_579,O579,364,,active,NE,NE,,0
2699,O-glycan_a-D-NeupNAc_579,O579,365,,active,NE,NE,,0
2700,O-glycan_a-D-NeupNAc_579,O579,366,,active,NE,NE,,0
2701,O-glycan_a-D-NeupNAc_579,O579,367,,active,NE,NE,,0
2702,O-glycan_a-D-NeupNAc_579,O579,368,,active,NE,NE,,0
2703,N-glycan_a-D-NeupNAc_540,N540,357,,active,NE,NE,,0
2704,N-glycan_a-D-NeupNAc_540,N540,358,,active,NE,NE,,0
2705,N-glycan_a-D-NeupNAc_540,N540,359,,active,NE,NE,,0
2706,N-glycan_a-D-NeupNAc_540,N540,360,,active,NE,NE,,0
2707,N-glycan_a-D-NeupNAc_540,N540,361,,active,NE,NE,,0
2708,N-glycan_a-D-NeupNAc_540,N540,362,,active,NE,NE,,0
2709,N-glycan_a-D-NeupNAc_540,N540,363,,active,NE,NE,,0
2710,N-glycan_a-D-NeupNAc_540,N540,364,,active,NE,NE,,0
2711,N-glycan_a-D-NeupNAc_540,N540,365,,active,NE,NE,,0
2712,N-glycan_a-D-NeupNAc_540,N540,366,,active,NE,NE,,0
2713,N-glycan_a-D-NeupNAc_540,N540,367,,active,NE,NE,,0
2714,N-glycan_a-D-NeupNAc_540,N540,368,,active,NE,NE,,0
2715,N-glycan_a-D-NeupNAc_543,N543,359,,active,NE,NE,,0
2716,N-glycan_a-D-NeupNAc_543,N543,360,,active,NE,NE,,0
2717,N-glycan_a-D-NeupNAc_543,N543,363,,active,NE,NE,,0
2718,N-glycan_a-D-NeupNAc_543,N543,364,,active,NE,NE,,0
2719,N-glycan_a-D-NeupNAc_545,N545,359,,active,NE,NE,,0
2720,N-glycan_a-D-NeupNAc_545,N545,360,,active,NE,NE,,0
2721,N-glycan_a-D-NeupNAc_545,N545,363,,active,NE,NE,,0
2722,N-glycan_a-D-NeupNAc_545,N545,364,,active,NE,NE,,0
2723,O-glycan_a-D-NeupNAc_579,O579,369,,active,NE,NE,,0
2724,N-glycan_a-D-NeupNAc_540,N540,369,,active,NE,NE,,0
2725,N-glycan_a-D-NeupNAc_457,N457,369,,active,NE,NE,,0
2726,N-glycan_a-D-NeupNAc_545,N545,370,,active,NE,NE,,0
2727,O-glycan_a-D-NeupNAc_579,O579,370,,active,NE,NE,,0
2728,N-glycan_a-D-NeupNAc_540,N540,370,,active,NE,NE,,0
2729,N-glycan_a-D-NeupNAc_457,N457,370,,active,NE,NE,,0
2730,N-glycan_a-D-NeupNAc_543,N543,370,,active,NE,NE,,0
2731,O-glycan_a-D-NeupNAc_579,O579,371,,active,NE,NE,,0
2732,N-glycan_a-D-NeupNAc_540,N540,371,,active,NE,NE,,0
2733,N-glycan_a-D-NeupNAc_457,N457,371,,active,NE,NE,,0
2734,N-glycan_a-D-NeupNAc_545,N545,372,,active,NE,NE,,0
2735,N-glycan_a-D-NeupNAc_457,N457,372,,active,NE,NE,,0
2736,O-glycan_a-D-NeupNAc_579,O579,372,,active,NE,NE,,0
2737,N-glycan_a-D-NeupNAc_540,N540,372,,active,NE,NE,,0
2738,N-glycan_a-D-NeupNAc_543,N543,372,,active,NE,NE,,0
2739,N-glycan_a-D-NeupNAc_457,N457,373,,active,NE,NE,,0
2740,O-glycan_a-D-NeupNAc_579,O579,373,,active,NE,NE,,0
2741,N-glycan_a-D-NeupNAc_540,N540,373,,active,NE,NE,,0
2742,N-glycan_a-D-NeupNAc_457,N457,374,,active,NE,NE,,0
2743,O-glycan_a-D-NeupNAc_579,O579,374,,active,NE,NE,,0
2744,N-glycan_a-D-NeupNAc_540,N540,374,,active,NE,NE,,0
2746,O-glycan_a-D-GalpNAc_594,O594,375,,active,NE,NE,,0
2748,O-glycan_a-D-GalpNAc_585,O585,375,,active,NE,NE,,0
2750,O-glycan_a-D-GalpNAc_615,O615,375,,active,NE,NE,,0
2752,N-glycan_a-D-Galp_331,N331,375,,active,NE,NE,,0
2754,O-glycan_a-D-GalpNAc_685,O685,375,,active,NE,NE,,0
2756,O-glycan_a-D-GalpNAc_687,O687,375,,active,NE,NE,,0
2758,O-glycan_a-D-GalpNAc_729,O729,375,,active,NE,NE,,0
2760,O-glycan_a-D-GalpNAc_710,O710,375,,active,NE,NE,,0
2762,O-glycan_a-D-Galp_733,O733,375,,active,NE,NE,,0
2764,O-glycan_a-D-GalpNAc_748,O748,375,,active,NE,NE,,0
2766,O-glycan_a-D-GalpNAc_714,O714,375,,active,NE,NE,,0
2768,O-glycan_a-D-GalpNAc_758,O758,375,,active,NE,NE,,0
2770,O-glycan_a-D-Galp_568,O568,375,,active,NE,NE,,0
2772,N-glycan_a-D-Galp_50,N50,375,The minimal acceptor for ABO is an H-disaccharide (aFuc1-2bGal) so stuctures containing a-Gal N50 but missing a-Fuc N54 are potentially catabolic products,active,NE,NE,,0
2774,O-glycan_a-D-GalpNAc_708,O708,375,,active,NE,NE,,0
2776,N-glycan_a-D-Galp_39,N39,375,The minimal acceptor for ABO is an H-disaccharide (aFuc1-2bGal) so stuctures containing a-Gal N39 but missing a-Fuc N71 are potentially catabolic products,active,NE,NE,,0
2778,N-glycan_a-D-Galp_51,N51,375,The minimal acceptor for ABO is an H-disaccharide (aFuc1-2bGal) so stuctures containing a-Gal N51 but missing a-Fuc N200 are potentially catabolic products,active,NE,NE,,0
2780,N-glycan_a-D-GalpNAc_116,N116,375,,active,NE,NE,,0
2782,N-glycan_a-D-GalpNAc_117,N117,375,,active,NE,NE,,0
2784,O-glycan_a-D-Galp_570,O570,375,,active,NE,NE,,0
2786,N-glycan_a-D-GalpNAc_97,N97,375,The minimal acceptor for ABO is an H-disaccharide (aFuc1-2bGal) so stuctures containing a-GalNAc N97 but missing a-Fuc N53 are potentially catabolic products,active,NE,NE,,0
2788,N-glycan_a-D-GalpNAc_104,N104,375,The minimal acceptor for ABO is an H-disaccharide (aFuc1-2bGal) so stuctures containing a-GalNAc N104 but missing a-Fuc N54 are potentially catabolic products,active,NE,NE,,0
2790,N-glycan_a-D-Galp_114,N114,375,,active,NE,NE,,0
2792,N-glycan_a-D-Galp_52,N52,375,The minimal acceptor for ABO is an H-disaccharide (aFuc1-2bGal) so stuctures containing a-Gal N52 but missing a-Fuc N53 are potentially catabolic products,active,NE,NE,,0
2794,N-glycan_a-D-GalpNAc_527,N527,375,The minimal acceptor for ABO is an H-disaccharide (aFuc1-2bGal) so stuctures containing a-GalNAc N527 but missing a-Fuc N71 are potentially catabolic products,active,NE,NE,,0
2796,N-glycan_a-D-GalpNAc_528,N528,375,The minimal acceptor for ABO is an H-disaccharide (aFuc1-2bGal) so stuctures containing a-GalNAc N528 but missing a-Fuc N200 are potentially catabolic products,active,NE,NE,,0
2798,N-glycan_a-D-Galp_115,N115,375,,active,NE,NE,,0
2800,N-glycan_a-D-Galp_83,N83,375,,active,NE,NE,,0
2802,N-glycan_a-D-Galp_309,N309,375,,active,NE,NE,,0
2804,O-glycan_a-D-GalpNAc_162,O162,375,,active,NE,NE,,0
2806,O-glycan_a-D-Galp_532,O532,375,,active,NE,NE,,0
2808,O-glycan_a-D-Galp_557,O557,375,,active,NE,NE,,0
2810,O-glycan_a-D-GalpNAc_166,O166,375,,active,NE,NE,,0
2812,O-glycan_a-D-Galp_560,O560,375,,active,NE,NE,,0
2813,N-glycan_a-D-NeupNAc_539,N539,357,NA,active,NE,NULL,,0
2814,N-glycan_a-D-NeupNAc_539,N539,358,NA,active,NE,NULL,,0
2815,N-glycan_a-D-NeupNAc_539,N539,369,NA,active,NE,NULL,,0
2816,N-glycan_a-D-NeupNAc_539,N539,359,NA,active,NE,NULL,,0
2817,N-glycan_a-D-NeupNAc_539,N539,360,NA,active,NE,NULL,,0
2818,N-glycan_a-D-NeupNAc_539,N539,370,NA,active,NE,NULL,,0
2819,N-glycan_a-D-NeupNAc_539,N539,361,NA,active,NE,NULL,,0
2820,N-glycan_a-D-NeupNAc_539,N539,362,NA,active,NE,NULL,,0
2821,N-glycan_a-D-NeupNAc_539,N539,371,NA,active,NE,NULL,,0
2822,N-glycan_a-D-NeupNAc_539,N539,363,NA,active,NE,NULL,,0
2823,N-glycan_a-D-NeupNAc_539,N539,364,NA,active,NE,NULL,,0
2824,N-glycan_a-D-NeupNAc_539,N539,372,NA,active,NE,NULL,,0
2825,N-glycan_a-D-NeupNAc_539,N539,365,NA,active,NE,NULL,,0
2826,N-glycan_a-D-NeupNAc_539,N539,366,NA,active,NE,NULL,,0
2827,N-glycan_a-D-NeupNAc_539,N539,373,NA,active,NE,NULL,,0
2828,N-glycan_a-D-NeupNAc_539,N539,367,NA,active,NE,NULL,,0
2829,N-glycan_a-D-NeupNAc_539,N539,368,NA,active,NE,NULL,,0
2830,N-glycan_a-D-NeupNAc_539,N539,374,NA,active,NE,NULL,,0
2831,N-glycan_a-L-Fucp_531,N531,61,,active,NE,NULL,,0
2832,N-glycan_a-L-Fucp_531,N531,65,,active,NE,NULL,,0
2833,N-glycan_a-L-Fucp_531,N531,310,,active,NE,NULL,,0
2834,N-glycan_a-L-Fucp_531,N531,4,,active,NE,NULL,,0
2835,N-glycan_a-L-Fucp_531,N531,72,,active,NE,NULL,,0
2836,N-glycan_a-L-Fucp_531,N531,257,,active,NE,NULL,,0
2837,N-glycan_a-L-Fucp_531,N531,68,,active,NE,NULL,,0
2838,N-glycan_a-L-Fucp_531,N531,354,,active,NE,NULL,,0
2839,N-glycan_a-D-Glcp_27,N27,58,,active,NE,NE,,0
2841,O-glycan_a-D-GlcpNAc_537,O537,376,,active,NE,NE,,0
2842,O-glycan_a-D-GlcpNAc_613,O613,376,,active,NE,NE,,0
2843,O-glycan_a-D-GlcpNAc_537,O537,377,,active,NE,NE,,0
2844,O-glycan_a-D-GlcpNAc_613,O613,377,,active,NE,NE,,0
2845,O-glycan_a-D-GalpNAc_594,O594,378,,active,NE,NE,,0
2846,O-glycan_a-D-GalpNAc_585,O585,378,,active,NE,NE,,0
2847,O-glycan_a-D-GalpNAc_615,O615,378,,active,NE,NE,,0
2848,N-glycan_a-D-Galp_331,N331,378,,active,NE,NE,,0
2849,O-glycan_a-D-GalpNAc_685,O685,378,,active,NE,NE,,0
2850,O-glycan_a-D-GalpNAc_687,O687,378,,active,NE,NE,,0
2851,O-glycan_a-D-GalpNAc_729,O729,378,,active,NE,NE,,0
2852,O-glycan_a-D-GalpNAc_710,O710,378,,active,NE,NE,,0
2853,O-glycan_a-D-Galp_733,O733,378,,active,NE,NE,,0
2854,O-glycan_a-D-GalpNAc_748,O748,378,,active,NE,NE,,0
2855,O-glycan_a-D-GalpNAc_714,O714,378,,active,NE,NE,,0
2856,O-glycan_a-D-GalpNAc_758,O758,378,,active,NE,NE,,0
2857,O-glycan_a-D-Galp_568,O568,378,,active,NE,NE,,0
2858,N-glycan_a-D-Galp_50,N50,378,The minimal acceptor for ABO is an H-disaccharide (aFuc1-2bGal) so stuctures containing a-Gal N50 but missing a-Fuc N54 are potentially catabolic products,active,NE,NE,,0
2859,O-glycan_a-D-GalpNAc_708,O708,378,,active,NE,NE,,0
2860,N-glycan_a-D-Galp_39,N39,378,The minimal acceptor for ABO is an H-disaccharide (aFuc1-2bGal) so stuctures containing a-Gal N39 but missing a-Fuc N71 are potentially catabolic products,active,NE,NE,,0
2861,N-glycan_a-D-Galp_51,N51,378,The minimal acceptor for ABO is an H-disaccharide (aFuc1-2bGal) so stuctures containing a-Gal N51 but missing a-Fuc N200 are potentially catabolic products,active,NE,NE,,0
2862,N-glycan_a-D-GalpNAc_116,N116,378,,active,NE,NE,,0
2863,N-glycan_a-D-GalpNAc_117,N117,378,,active,NE,NE,,0
2864,O-glycan_a-D-Galp_570,O570,378,,active,NE,NE,,0
2865,N-glycan_a-D-GalpNAc_97,N97,378,The minimal acceptor for ABO is an H-disaccharide (aFuc1-2bGal) so stuctures containing a-GalNAc N97 but missing a-Fuc N53 are potentially catabolic products,active,NE,NE,,0
2866,N-glycan_a-D-GalpNAc_104,N104,378,The minimal acceptor for ABO is an H-disaccharide (aFuc1-2bGal) so stuctures containing a-GalNAc N104 but missing a-Fuc N54 are potentially catabolic products,active,NE,NE,,0
2867,N-glycan_a-D-Galp_114,N114,378,,active,NE,NE,,0
2868,N-glycan_a-D-Galp_52,N52,378,The minimal acceptor for ABO is an H-disaccharide (aFuc1-2bGal) so stuctures containing a-Gal N52 but missing a-Fuc N53 are potentially catabolic products,active,NE,NE,,0
2869,N-glycan_a-D-GalpNAc_527,N527,378,The minimal acceptor for ABO is an H-disaccharide (aFuc1-2bGal) so stuctures containing a-GalNAc N527 but missing a-Fuc N71 are potentially catabolic products,active,NE,NE,,0
2870,N-glycan_a-D-GalpNAc_528,N528,378,The minimal acceptor for ABO is an H-disaccharide (aFuc1-2bGal) so stuctures containing a-GalNAc N528 but missing a-Fuc N200 are potentially catabolic products,active,NE,NE,,0
2871,N-glycan_a-D-Galp_115,N115,378,,active,NE,NE,,0
2872,N-glycan_a-D-Galp_83,N83,378,,active,NE,NE,,0
2873,N-glycan_a-D-Galp_309,N309,378,,active,NE,NE,,0
2874,O-glycan_a-D-GalpNAc_162,O162,378,,active,NE,NE,,0
2875,O-glycan_a-D-Galp_532,O532,378,,active,NE,NE,,0
2876,O-glycan_a-D-Galp_557,O557,378,,active,NE,NE,,0
2877,O-glycan_a-D-GalpNAc_166,O166,378,,active,NE,NE,,0
2878,O-glycan_a-D-Galp_560,O560,378,,active,NE,NE,,0
2879,N-glycan_core_b-D-Manp,NC,379,,active,NE,NE,,0
2880,N-glycan_core_b-D-Manp,NC,380,,active,NE,NE,,0
2881,N-glycan_a-D-Manp_21,N21,381,,active,NE,NE,,0
2882,N-glycan_a-D-Manp_22,N22,381,,active,NE,NE,,0
2883,N-glycan_a-D-Manp_21,N21,382,,active,NE,NE,,0
2884,N-glycan_a-D-Manp_22,N22,382,,active,NE,NE,,0
2887,N-glycan_core_b-D-GlcpNAc_B,NB,385,,active,NE,NE,,0
2888,N-glycan_core_b-D-GlcpNAc_B,NB,386,,active,NE,NE,,0
2889,N-glycan_core_b-D-GlcpNAc_B,NB,387,,active,NE,NE,,0
2890,N-glycan_core_b-D-GlcpNAc_B,NB,388,,active,NE,NE,,0
2891,N-glycan_a-D-Manp_4,N4,389,,active,NE,NE,,0
2892,N-glycan_a-D-Manp_1,N1,389,,active,NE,NE,,0
2893,N-glycan_a-D-Manp_19,N19,391,,active,NE,NE,,0
2895,N-glycan_a-D-Manp_19,N19,392,,active,NE,NE,,0
2899,N-glycan_a-D-Glcp_25,N25,393,,active,NE,NE,,0
2900,N-glycan_a-D-Glcp_25,N25,394,,active,NE,NE,,0
2902,N-glycan_a-D-Glcp_26,N26,395,,active,NE,NE,,0
2903,N-glycan_a-D-Glcp_26,N26,396,,active,NE,NE,,0
2904,N-glycan_a-D-Manp_24,N24,397,,active,NE,NE,,0
2905,O-glycan_b-D-Galp_540,O540,399,,active,NE,NE,,0
2906,O-glycan_b-D-Galp_544,O544,399,,active,NE,NE,,0
2907,O-glycan_b-D-Galp_540,O540,400,,active,NE,NE,,0
2908,O-glycan_b-D-Galp_544,O544,400,,active,NE,NE,,0
2909,O-glycan_b-D-Galp_544,O544,401,,active,NE,NE,,0
2910,O-glycan_b-D-Galp_540,O540,401,,active,NE,NE,,0
2911,N-glycan_b-D-Galp_297,N297,401,,active,NE,NE,,0
2912,N-glycan_b-D-Galp_86,N86,401,,active,NE,NE,,0
2913,N-glycan_b-D-Galp_78,N78,401,,active,NE,NE,,0
2914,N-glycan_b-D-Galp_28,N28,401,,active,NE,NE,,0
2915,N-glycan_b-D-Galp_44,N44,401,,active,NE,NE,,0
2916,O-glycan_b-D-Galp_544,O544,402,,active,NE,NE,,0
2917,O-glycan_b-D-Galp_540,O540,402,,active,NE,NE,,0
2918,N-glycan_b-D-Galp_297,N297,402,,active,NE,NE,,0
2919,N-glycan_b-D-Galp_86,N86,402,,active,NE,NE,,0
2920,N-glycan_b-D-Galp_78,N78,402,,active,NE,NE,,0
2921,N-glycan_b-D-Galp_28,N28,402,,active,NE,NE,,0
2922,N-glycan_b-D-Galp_44,N44,402,,active,NE,NE,,0
2923,O-glycan_b-D-Galp_544,O544,403,,active,NE,NE,,0
2924,O-glycan_b-D-Galp_540,O540,403,,active,NE,NE,,0
2925,O-glycan_b-D-Galp_544,O544,404,,active,NE,NE,,0
2926,O-glycan_b-D-Galp_540,O540,404,,active,NE,NE,,0
2927,O-glycan_b-D-Galp_544,O544,405,,active,NE,NE,,0
2928,O-glycan_b-D-Galp_540,O540,405,,active,NE,NE,,0
2929,N-glycan_b-D-Galp_86,N86,405,,active,NE,NE,,0
2930,N-glycan_b-D-Galp_78,N78,405,,active,NE,NE,,0
2931,N-glycan_b-D-Galp_28,N28,405,,active,NE,NE,,0
2932,N-glycan_b-D-Galp_44,N44,405,,active,NE,NE,,0
2933,N-glycan_b-D-Galp_297,N297,405,,active,NE,NE,,0
2934,O-glycan_b-D-Galp_544,O544,406,,active,NE,NE,,0
2935,O-glycan_b-D-Galp_540,O540,406,,active,NE,NE,,0
2936,N-glycan_b-D-Galp_86,N86,406,,active,NE,NE,,0
2937,N-glycan_b-D-Galp_78,N78,406,,active,NE,NE,,0
2938,N-glycan_b-D-Galp_28,N28,406,,active,NE,NE,,0
2939,N-glycan_b-D-Galp_44,N44,406,,active,NE,NE,,0
2940,N-glycan_b-D-Galp_297,N297,406,,active,NE,NE,,0
2941,O-glycan_b-D-GlcAp_814,O814,407,,active,NE,NE,,0
2942,O-glycan_b-D-GlcAp_815,O815,407,,active,NE,NE,,0
2943,N-glycan_b-D-GlcAp_532,N532,407,,active,NE,NE,,0
2944,N-glycan_b-D-GlcAp_533,N533,407,,active,NE,NE,,0
2945,N-glycan_b-D-GlcAp_522,N522,407,,active,NE,NE,,0
2946,N-glycan_b-D-GlcAp_523,N523,407,,active,NE,NE,,0
2947,O-glycan_b-D-GlcAp_818,O818,407,,active,NE,NE,,0
2948,O-glycan_b-D-GlcAp_819,O819,407,,active,NE,NE,,0
2949,O-glycan_b-D-GlcAp_814,O814,408,,active,NE,NE,,0
2950,O-glycan_b-D-GlcAp_815,O815,408,,active,NE,NE,,0
2951,N-glycan_b-D-GlcAp_532,N532,408,,active,NE,NE,,0
2952,N-glycan_b-D-GlcAp_533,N533,408,,active,NE,NE,,0
2953,N-glycan_b-D-GlcAp_522,N522,408,,active,NE,NE,,0
2954,N-glycan_b-D-GlcAp_523,N523,408,,active,NE,NE,,0
2955,O-glycan_b-D-GlcAp_818,O818,408,,active,NE,NE,,0
2956,O-glycan_b-D-GlcAp_819,O819,408,,active,NE,NE,,0
2957,O-glycan_b-D-GlcAp_814,O814,409,,active,NE,NE,,0
2958,O-glycan_b-D-GlcAp_815,O815,409,,active,NE,NE,,0
2959,N-glycan_b-D-GlcAp_532,N532,409,,active,NE,NE,,0
2960,O-glycan_b-D-GlcAp_818,O818,409,,active,NE,NE,,0
2961,N-glycan_b-D-GlcAp_533,N533,409,,active,NE,NE,,0
2962,N-glycan_b-D-GlcAp_522,N522,409,,active,NE,NE,,0
2963,N-glycan_b-D-GlcAp_523,N523,409,,active,NE,NE,,0
2964,O-glycan_b-D-GlcAp_819,O819,409,,active,NE,NE,,0
2965,O-glycan_b-D-GlcAp_814,O814,410,,active,NE,NE,,0
2966,O-glycan_b-D-GlcAp_815,O815,410,,active,NE,NE,,0
2967,N-glycan_b-D-GlcAp_532,N532,410,,active,NE,NE,,0
2968,O-glycan_b-D-GlcAp_818,O818,410,,active,NE,NE,,0
2969,N-glycan_b-D-GlcAp_533,N533,410,,active,NE,NE,,0
2970,N-glycan_b-D-GlcAp_522,N522,410,,active,NE,NE,,0
2971,N-glycan_b-D-GlcAp_523,N523,410,,active,NE,NE,,0
2972,O-glycan_b-D-GlcAp_819,O819,410,,active,NE,NE,,0
2973,O-glycan_b-D-Glcp_800,O800,411,,active,NE,NE,,0
2974,O-glycan_b-D-Glcp_800,O800,412,,active,NE,NE,,0
2975,N-glycan_b-D-GlcpNAc_59,N59,413,major,active,NE,NE,,0
2976,N-glycan_b-D-GlcpNAc_67,N67,413,major,active,NE,NE,,0
2977,N-glycan_b-D-GlcpNAc_232,N232,413,,active,NE,NE,,0
2978,N-glycan_b-D-GlcpNAc_62,N62,413,major,active,NE,NE,,0
2979,O-glycan_b-D-GlcpNAc_582,O582,413,,active,NE,NE,,0
2980,N-glycan_b-D-GlcpNAc_234,N234,413,,active,NE,NE,,0
2981,O-glycan_b-D-GlcpNAc_718,O718,413,,active,NE,NE,,0
2982,N-glycan_b-D-GlcpNAc_75,N75,413,major,active,NE,NE,,0
2983,N-glycan_b-D-GlcpNAc_76,N76,413,,active,NE,NE,,0
2984,O-glycan_b-D-GlcpNAc_744,O744,413,,active,NE,NE,,0
2985,N-glycan_b-D-GlcpNAc_292,N292,413,,active,NE,NE,,0
2986,N-glycan_b-D-GlcpNAc_291,N291,413,,active,NE,NE,,0
2987,N-glycan_b-D-GlcpNAc_65,N65,413,major,active,NE,NE,,0
2988,N-glycan_b-D-GlcpNAc_265,N265,413,,active,NE,NE,,0
2989,N-glycan_b-D-GlcpNAc_36,N36,413,major,active,NE,NE,,0
2990,O-glycan_b-D-GlcpNAc_577,O577,413,,active,NE,NE,,0
2991,O-glycan_b-D-GlcpNAc_699,O699,413,,active,NE,NE,,0
2992,N-glycan_b-D-GlcpNAc_59,N59,414,major,active,NE,NE,,0
2993,N-glycan_b-D-GlcpNAc_67,N67,414,major,active,NE,NE,,0
2994,N-glycan_b-D-GlcpNAc_232,N232,414,,active,NE,NE,,0
2995,N-glycan_b-D-GlcpNAc_62,N62,414,major,active,NE,NE,,0
2996,O-glycan_b-D-GlcpNAc_582,O582,414,,active,NE,NE,,0
2997,N-glycan_b-D-GlcpNAc_234,N234,414,,active,NE,NE,,0
2998,O-glycan_b-D-GlcpNAc_718,O718,414,,active,NE,NE,,0
2999,N-glycan_b-D-GlcpNAc_75,N75,414,major,active,NE,NE,,0
3000,N-glycan_b-D-GlcpNAc_76,N76,414,,active,NE,NE,,0
3001,O-glycan_b-D-GlcpNAc_744,O744,414,,active,NE,NE,,0
3002,N-glycan_b-D-GlcpNAc_292,N292,414,,active,NE,NE,,0
3003,N-glycan_b-D-GlcpNAc_291,N291,414,,active,NE,NE,,0
3004,N-glycan_b-D-GlcpNAc_65,N65,414,major,active,NE,NE,,0
3005,N-glycan_b-D-GlcpNAc_265,N265,414,,active,NE,NE,,0
3006,N-glycan_b-D-GlcpNAc_36,N36,414,major,active,NE,NE,,0
3007,O-glycan_b-D-GlcpNAc_577,O577,414,,active,NE,NE,,0
3008,O-glycan_b-D-GlcpNAc_699,O699,414,,active,NE,NE,,0
3009,O-glycan_b-D-GlcpNAc_153,O153,415,,active,NE,NE,,0
3010,O-glycan_b-D-GlcpNAc_578,O578,415,,active,NE,NE,,0
3011,O-glycan_b-D-GlcpNAc_672,O672,415,,active,NE,NE,,0
3012,O-glycan_b-D-GlcpNAc_620,O620,415,,active,NE,NE,,0
3013,N-glycan_b-D-GlcpNAc_84,N84,415,,active,NE,NE,,0
3014,O-glycan_b-D-GlcpNAc_153,O153,416,,active,NE,NE,,0
3015,O-glycan_b-D-GlcpNAc_578,O578,416,,active,NE,NE,,0
3016,O-glycan_b-D-GlcpNAc_672,O672,416,,active,NE,NE,,0
3017,O-glycan_b-D-GlcpNAc_620,O620,416,,active,NE,NE,,0
3018,N-glycan_b-D-GlcpNAc_84,N84,416,,active,NE,NE,,0
3019,N-glycan_b-D-GlcpNAc_76,N76,417,,active,NE,NE,,0
3020,N-glycan_b-D-GlcpNAc_65,N65,417,minor,active,NE,NE,,0
3021,N-glycan_b-D-GlcpNAc_292,N292,417,,active,NE,NE,,0
3022,N-glycan_b-D-GlcpNAc_265,N265,417,,active,NE,NE,,0
3023,O-glycan_b-D-GlcpNAc_744,O744,417,,active,NE,NE,,0
3024,O-glycan_b-D-GlcpNAc_577,O577,417,,active,NE,NE,,0
3025,N-glycan_b-D-GlcpNAc_291,N291,417,,active,NE,NE,,0
3026,O-glycan_b-D-GlcpNAc_699,O699,417,,active,NE,NE,,0
3027,N-glycan_b-D-GlcpNAc_59,N59,417,minor,active,NE,NE,,0
3028,N-glycan_b-D-GlcpNAc_67,N67,417,minor,active,NE,NE,,0
3029,N-glycan_b-D-GlcpNAc_232,N232,417,,active,NE,NE,,0
3030,N-glycan_b-D-GlcpNAc_62,N62,417,minor,active,NE,NE,,0
3031,O-glycan_b-D-GlcpNAc_582,O582,417,,active,NE,NE,,0
3032,N-glycan_b-D-GlcpNAc_234,N234,417,,active,NE,NE,,0
3033,N-glycan_b-D-GlcpNAc_36,N36,417,minor,active,NE,NE,,0
3034,O-glycan_b-D-GlcpNAc_718,O718,417,,active,NE,NE,,0
3035,N-glycan_b-D-GlcpNAc_75,N75,417,minor,active,NE,NE,,0
3036,N-glycan_b-D-GlcpNAc_76,N76,418,,active,NE,NE,,0
3037,N-glycan_b-D-GlcpNAc_65,N65,418,minor,active,NE,NE,,0
3038,N-glycan_b-D-GlcpNAc_292,N292,418,,active,NE,NE,,0
3039,N-glycan_b-D-GlcpNAc_265,N265,418,,active,NE,NE,,0
3040,O-glycan_b-D-GlcpNAc_744,O744,418,,active,NE,NE,,0
3041,O-glycan_b-D-GlcpNAc_577,O577,418,,active,NE,NE,,0
3042,N-glycan_b-D-GlcpNAc_291,N291,418,,active,NE,NE,,0
3043,O-glycan_b-D-GlcpNAc_699,O699,418,,active,NE,NE,,0
3044,N-glycan_b-D-GlcpNAc_59,N59,418,minor,active,NE,NE,,0
3045,N-glycan_b-D-GlcpNAc_67,N67,418,minor,active,NE,NE,,0
3046,N-glycan_b-D-GlcpNAc_232,N232,418,,active,NE,NE,,0
3047,N-glycan_b-D-GlcpNAc_62,N62,418,minor,active,NE,NE,,0
3048,O-glycan_b-D-GlcpNAc_582,O582,418,,active,NE,NE,,0
3049,N-glycan_b-D-GlcpNAc_234,N234,418,,active,NE,NE,,0
3050,N-glycan_b-D-GlcpNAc_36,N36,418,minor,active,NE,NE,,0
3051,O-glycan_b-D-GlcpNAc_718,O718,418,,active,NE,NE,,0
3052,N-glycan_b-D-GlcpNAc_75,N75,418,minor,active,NE,NE,,0
3053,O-glycan_b-D-GlcpNAc_744,O744,419,,active,NE,NE,,0
3054,O-glycan_b-D-GlcpNAc_699,O699,419,,active,NE,NE,,0
3055,O-glycan_b-D-GlcpNAc_718,O718,419,,active,NE,NE,,0
3056,O-glycan_b-D-GlcpNAc_577,O577,419,,active,NE,NE,,0
3057,O-glycan_b-D-GlcpNAc_582,O582,419,,active,NE,NE,,0
3058,O-glycan_b-D-GlcpNAc_744,O744,420,,active,NE,NE,,0
3059,O-glycan_b-D-GlcpNAc_699,O699,420,,active,NE,NE,,0
3060,O-glycan_b-D-GlcpNAc_718,O718,420,,active,NE,NE,,0
3061,O-glycan_b-D-GlcpNAc_577,O577,420,,active,NE,NE,,0
3062,O-glycan_b-D-GlcpNAc_582,O582,420,,active,NE,NE,,0
3063,O-glycan_b-D-GlcpNAc_156,O156,421,,active,NE,NE,,0
3064,O-glycan_b-D-GlcpNAc_744,O744,422,,active,NE,NE,,0
3065,N-glycan_b-D-GlcpNAc_292,N292,422,,active,NE,NE,,0
3066,N-glycan_b-D-GlcpNAc_265,N265,422,,active,NE,NE,,0
3067,N-glycan_b-D-GlcpNAc_36,N36,422,,active,NE,NE,,0
3068,O-glycan_b-D-GlcpNAc_577,O577,422,,active,NE,NE,,0
3069,O-glycan_b-D-GlcpNAc_699,O699,422,,active,NE,NE,,0
3070,N-glycan_b-D-GlcpNAc_59,N59,422,,active,NE,NE,,0
3071,N-glycan_b-D-GlcpNAc_67,N67,422,,active,NE,NE,,0
3072,N-glycan_b-D-GlcpNAc_232,N232,422,,active,NE,NE,,0
3073,N-glycan_b-D-GlcpNAc_62,N62,422,,active,NE,NE,,0
3074,O-glycan_b-D-GlcpNAc_582,O582,422,,active,NE,NE,,0
3075,N-glycan_b-D-GlcpNAc_291,N291,422,,active,NE,NE,,0
3076,N-glycan_b-D-GlcpNAc_65,N65,422,,active,NE,NE,,0
3077,N-glycan_b-D-GlcpNAc_234,N234,422,,active,NE,NE,,0
3078,O-glycan_b-D-GlcpNAc_718,O718,422,,active,NE,NE,,0
3079,N-glycan_b-D-GlcpNAc_75,N75,422,,active,NE,NE,,0
3080,N-glycan_b-D-GlcpNAc_76,N76,422,,active,NE,NE,,0
3081,O-glycan_b-D-GlcpNAc_744,O744,423,,active,NE,NE,,0
3082,N-glycan_b-D-GlcpNAc_292,N292,423,,active,NE,NE,,0
3083,N-glycan_b-D-GlcpNAc_265,N265,423,,active,NE,NE,,0
3084,N-glycan_b-D-GlcpNAc_36,N36,423,,active,NE,NE,,0
3085,O-glycan_b-D-GlcpNAc_577,O577,423,,active,NE,NE,,0
3086,O-glycan_b-D-GlcpNAc_699,O699,423,,active,NE,NE,,0
3087,N-glycan_b-D-GlcpNAc_59,N59,423,,active,NE,NE,,0
3088,N-glycan_b-D-GlcpNAc_67,N67,423,,active,NE,NE,,0
3089,N-glycan_b-D-GlcpNAc_232,N232,423,,active,NE,NE,,0
3090,N-glycan_b-D-GlcpNAc_62,N62,423,,active,NE,NE,,0
3091,O-glycan_b-D-GlcpNAc_582,O582,423,,active,NE,NE,,0
3092,N-glycan_b-D-GlcpNAc_291,N291,423,,active,NE,NE,,0
3093,N-glycan_b-D-GlcpNAc_65,N65,423,,active,NE,NE,,0
3094,N-glycan_b-D-GlcpNAc_234,N234,423,,active,NE,NE,,0
3095,O-glycan_b-D-GlcpNAc_718,O718,423,,active,NE,NE,,0
3096,N-glycan_b-D-GlcpNAc_75,N75,423,,active,NE,NE,,0
3097,N-glycan_b-D-GlcpNAc_76,N76,423,,active,NE,NE,,0
3098,O-glycan_b-D-GalpNAc_634,O634,424,,active,NE,NE,,0
3099,N-glycan_b-D-GalpNAc_108,N108,424,,active,NE,NE,,0
3100,O-glycan_b-D-GalpNAc_627,O627,424,,active,NE,NE,,0
3101,N-glycan_b-D-GalpNAc_109,N109,424,,active,NE,NE,,0
3102,N-glycan_b-D-GalpNAc_82,N82,424,,active,NE,NE,,0
3103,N-glycan_b-D-GalpNAc_107,N107,424,,active,NE,NE,,0
3104,O-glycan_b-D-GalpNAc_634,O634,425,,active,NE,NE,,0
3105,N-glycan_b-D-GalpNAc_108,N108,425,,active,NE,NE,,0
3106,O-glycan_b-D-GalpNAc_627,O627,425,,active,NE,NE,,0
3107,N-glycan_b-D-GalpNAc_109,N109,425,,active,NE,NE,,0
3108,N-glycan_b-D-GalpNAc_82,N82,425,,active,NE,NE,,0
3109,N-glycan_b-D-GalpNAc_107,N107,425,,active,NE,NE,,0
3110,N-glycan_b-D-GalpNAc_108,N108,426,,active,NE,NE,,0
3111,O-glycan_b-D-GalpNAc_627,O627,426,,active,NE,NE,,0
3112,N-glycan_b-D-GalpNAc_109,N109,426,,active,NE,NE,,0
3113,N-glycan_b-D-GalpNAc_82,N82,426,,active,NE,NE,,0
3114,N-glycan_b-D-GalpNAc_107,N107,426,,active,NE,NE,,0
3115,O-glycan_b-D-GalpNAc_634,O634,426,,active,NE,NE,,0
3116,N-glycan_b-D-GalpNAc_108,N108,427,,active,NE,NE,,0
3117,O-glycan_b-D-GalpNAc_627,O627,427,,active,NE,NE,,0
3118,N-glycan_b-D-GalpNAc_109,N109,427,,active,NE,NE,,0
3119,N-glycan_b-D-GalpNAc_82,N82,427,,active,NE,NE,,0
3120,N-glycan_b-D-GalpNAc_107,N107,427,,active,NE,NE,,0
3121,O-glycan_b-D-GalpNAc_634,O634,427,,active,NE,NE,,0
3122,O-glycan_b-D-GalpNAc_762,O762,428,,active,NE,NE,,0
3123,N-glycan_b-D-GalpNAc_466,N466,428,,active,NE,NE,,0
3124,N-glycan_b-D-GalpNAc_29,N29,428,,active,NE,NE,,0
3125,N-glycan_b-D-GalpNAc_30,N30,428,,active,NE,NE,,0
3126,N-glycan_b-D-GalpNAc_72,N72,428,,active,NE,NE,,0
3127,N-glycan_b-D-GalpNAc_74,N74,428,,active,NE,NE,,0
3128,O-glycan_b-D-GalpNAc_581,O581,428,,active,NE,NE,,0
3129,O-glycan_b-D-GalpNAc_762,O762,429,,active,NE,NE,,0
3130,N-glycan_b-D-GalpNAc_466,N466,429,,active,NE,NE,,0
3131,N-glycan_b-D-GalpNAc_29,N29,429,,active,NE,NE,,0
3132,N-glycan_b-D-GalpNAc_30,N30,429,,active,NE,NE,,0
3133,N-glycan_b-D-GalpNAc_72,N72,429,,active,NE,NE,,0
3134,N-glycan_b-D-GalpNAc_74,N74,429,,active,NE,NE,,0
3135,O-glycan_b-D-GalpNAc_581,O581,429,,active,NE,NE,,0
3136,O-glycan_b-D-GalpNAc_762,O762,430,,active,NE,NE,,0
3137,N-glycan_b-D-GalpNAc_466,N466,430,,active,NE,NE,,0
3138,O-glycan_b-D-GalpNAc_581,O581,430,,active,NE,NE,,0
3139,N-glycan_b-D-GalpNAc_29,N29,430,,active,NE,NE,,0
3140,N-glycan_b-D-GalpNAc_30,N30,430,,active,NE,NE,,0
3141,N-glycan_b-D-GalpNAc_72,N72,430,,active,NE,NE,,0
3142,N-glycan_b-D-GalpNAc_74,N74,430,,active,NE,NE,,0
3143,O-glycan_b-D-GalpNAc_762,O762,431,,active,NE,NE,,0
3144,N-glycan_b-D-GalpNAc_466,N466,431,,active,NE,NE,,0
3145,O-glycan_b-D-GalpNAc_581,O581,431,,active,NE,NE,,0
3146,N-glycan_b-D-GalpNAc_29,N29,431,,active,NE,NE,,0
3147,N-glycan_b-D-GalpNAc_30,N30,431,,active,NE,NE,,0
3148,N-glycan_b-D-GalpNAc_72,N72,431,,active,NE,NE,,0
3149,N-glycan_b-D-GalpNAc_74,N74,431,,active,NE,NE,,0
3150,N-glycan_b-D-Galp_3,N3,432,,active,NE,NE,,0
3151,N-glycan_b-D-Galp_6,N6,432,,active,NE,NE,,0
3152,N-glycan_b-D-Galp_8,N8,432,,active,NE,NE,,0
3153,O-glycan_b-D-Galp_802,O802,432,,active,NE,NE,,0
3154,N-glycan_b-D-Galp_10,N10,432,,active,NE,NE,,0
3155,O-glycan_b-D-Galp_808,O808,432,,active,NE,NE,,0
3156,O-glycan_b-D-Galp_809,O809,432,,active,NE,NE,,0
3157,O-glycan_b-D-Galp_742,O742,432,,active,NE,NE,,0
3158,N-glycan_b-D-Galp_37,N37,432,,active,NE,NE,,0
3159,N-glycan_b-D-Galp_60,N60,432,,active,NE,NE,,0
3160,O-glycan_b-D-Galp_731,O731,432,,active,NE,NE,,0
3161,O-glycan_b-D-Galp_746,O746,432,,active,NE,NE,,0
3162,N-glycan_b-D-Galp_80,N80,432,,active,NE,NE,,0
3163,O-glycan_b-D-Galp_675,O675,432,,active,NE,NE,,0
3164,O-glycan_b-D-Galp_663,O663,432,,active,NE,NE,,0
3165,N-glycan_b-D-Galp_287,N287,432,,active,NE,NE,,0
3166,O-glycan_b-D-Galp_822,O822,432,,active,NE,NE,,0
3167,N-glycan_b-D-Galp_32,N32,432,These enzymes will GT to B1-4 linked GlcNAc on the a3 arm mannose but b4 GlcNAc on the a6 arm (#31) is putative,active,NE,NE,,0
3168,N-glycan_b-D-Galp_63,N63,432,,active,NE,NE,,0
3169,O-glycan_b-D-Galp_700,O700,432,,active,NE,NE,,0
3170,N-glycan_b-D-Galp_340,N340,432,,active,NE,NE,,0
3171,N-glycan_b-D-Galp_289,N289,432,,active,NE,NE,,0
3172,N-glycan_b-D-Galp_358,N358,432,,active,NE,NE,,0
3173,O-glycan_b-D-Galp_539,O539,432,,active,NE,NE,,0
3174,N-glycan_b-D-Galp_66,N66,432,,active,NE,NE,,0
3175,O-glycan_b-D-Galp_158,O158,432,,active,NE,NE,,0
3176,O-glycan_b-D-Galp_670,O670,432,,active,NE,NE,,0
3177,N-glycan_b-D-Galp_68,N68,432,,active,NE,NE,,0
3178,O-glycan_b-D-Galp_555,O555,432,,active,NE,NE,,0
3179,N-glycan_b-D-Galp_281,N281,432,,active,NE,NE,,0
3180,O-glycan_b-D-Galp_644,O644,432,,active,NE,NE,,0
3181,N-glycan_b-D-Galp_280,N280,432,,active,NE,NE,,0
3182,N-glycan_b-D-Galp_77,N77,432,,active,NE,NE,,0
3183,N-glycan_b-D-Galp_3,N3,433,,active,NE,NE,,0
3184,N-glycan_b-D-Galp_6,N6,433,,active,NE,NE,,0
3185,N-glycan_b-D-Galp_8,N8,433,,active,NE,NE,,0
3186,O-glycan_b-D-Galp_802,O802,433,,active,NE,NE,,0
3187,N-glycan_b-D-Galp_10,N10,433,,active,NE,NE,,0
3188,O-glycan_b-D-Galp_808,O808,433,,active,NE,NE,,0
3189,O-glycan_b-D-Galp_809,O809,433,,active,NE,NE,,0
3190,O-glycan_b-D-Galp_742,O742,433,,active,NE,NE,,0
3191,N-glycan_b-D-Galp_37,N37,433,,active,NE,NE,,0
3192,N-glycan_b-D-Galp_60,N60,433,,active,NE,NE,,0
3193,O-glycan_b-D-Galp_731,O731,433,,active,NE,NE,,0
3194,O-glycan_b-D-Galp_746,O746,433,,active,NE,NE,,0
3195,N-glycan_b-D-Galp_80,N80,433,,active,NE,NE,,0
3196,O-glycan_b-D-Galp_675,O675,433,,active,NE,NE,,0
3197,O-glycan_b-D-Galp_663,O663,433,,active,NE,NE,,0
3198,N-glycan_b-D-Galp_287,N287,433,,active,NE,NE,,0
3199,O-glycan_b-D-Galp_822,O822,433,,active,NE,NE,,0
3200,N-glycan_b-D-Galp_32,N32,433,These enzymes will GT to B1-4 linked GlcNAc on the a3 arm mannose but b4 GlcNAc on the a6 arm (#31) is putative,active,NE,NE,,0
3201,N-glycan_b-D-Galp_63,N63,433,,active,NE,NE,,0
3202,O-glycan_b-D-Galp_700,O700,433,,active,NE,NE,,0
3203,N-glycan_b-D-Galp_340,N340,433,,active,NE,NE,,0
3204,N-glycan_b-D-Galp_289,N289,433,,active,NE,NE,,0
3205,N-glycan_b-D-Galp_358,N358,433,,active,NE,NE,,0
3206,O-glycan_b-D-Galp_539,O539,433,,active,NE,NE,,0
3207,N-glycan_b-D-Galp_66,N66,433,,active,NE,NE,,0
3208,O-glycan_b-D-Galp_158,O158,433,,active,NE,NE,,0
3209,O-glycan_b-D-Galp_670,O670,433,,active,NE,NE,,0
3210,N-glycan_b-D-Galp_68,N68,433,,active,NE,NE,,0
3211,O-glycan_b-D-Galp_555,O555,433,,active,NE,NE,,0
3212,N-glycan_b-D-Galp_281,N281,433,,active,NE,NE,,0
3213,O-glycan_b-D-Galp_644,O644,433,,active,NE,NE,,0
3214,N-glycan_b-D-Galp_280,N280,433,,active,NE,NE,,0
3215,N-glycan_b-D-Galp_77,N77,433,,active,NE,NE,,0
3216,N-glycan_b-D-Galp_3,N3,434,,active,NE,NE,,0
3217,N-glycan_b-D-Galp_6,N6,434,,active,NE,NE,,0
3218,N-glycan_b-D-Galp_8,N8,434,,active,NE,NE,,0
3219,O-glycan_b-D-Galp_802,O802,434,,active,NE,NE,,0
3220,N-glycan_b-D-Galp_10,N10,434,,active,NE,NE,,0
3221,O-glycan_b-D-Galp_808,O808,434,,active,NE,NE,,0
3222,O-glycan_b-D-Galp_809,O809,434,,active,NE,NE,,0
3223,O-glycan_b-D-Galp_742,O742,434,,active,NE,NE,,0
3224,N-glycan_b-D-Galp_37,N37,434,,active,NE,NE,,0
3225,N-glycan_b-D-Galp_60,N60,434,,active,NE,NE,,0
3226,O-glycan_b-D-Galp_731,O731,434,,active,NE,NE,,0
3227,O-glycan_b-D-Galp_746,O746,434,,active,NE,NE,,0
3228,N-glycan_b-D-Galp_80,N80,434,,active,NE,NE,,0
3229,O-glycan_b-D-Galp_675,O675,434,,active,NE,NE,,0
3230,O-glycan_b-D-Galp_663,O663,434,,active,NE,NE,,0
3231,N-glycan_b-D-Galp_287,N287,434,,active,NE,NE,,0
3232,O-glycan_b-D-Galp_822,O822,434,,active,NE,NE,,0
3233,N-glycan_b-D-Galp_32,N32,434,,active,NE,NE,,0
3234,O-glycan_b-D-Galp_670,O670,434,,active,NE,NE,,0
3235,N-glycan_b-D-Galp_63,N63,434,,active,NE,NE,,0
3236,O-glycan_b-D-Galp_700,O700,434,,active,NE,NE,,0
3237,N-glycan_b-D-Galp_289,N289,434,,active,NE,NE,,0
3238,N-glycan_b-D-Galp_358,N358,434,,active,NE,NE,,0
3239,N-glycan_b-D-Galp_66,N66,434,,active,NE,NE,,0
3240,N-glycan_b-D-Galp_68,N68,434,,active,NE,NE,,0
3241,N-glycan_b-D-Galp_281,N281,434,,active,NE,NE,,0
3242,N-glycan_b-D-Galp_280,N280,434,,active,NE,NE,,0
3243,N-glycan_b-D-Galp_77,N77,434,,active,NE,NE,,0
3244,N-glycan_b-D-Galp_340,N340,434,,active,NE,NE,,0
3245,O-glycan_b-D-Galp_539,O539,434,,active,NE,NE,,0
3246,O-glycan_b-D-Galp_158,O158,434,,active,NE,NE,,0
3247,O-glycan_b-D-Galp_555,O555,434,,active,NE,NE,,0
3248,O-glycan_b-D-Galp_644,O644,434,,active,NE,NE,,0
3249,N-glycan_b-D-Galp_3,N3,435,,active,NE,NE,,0
3250,N-glycan_b-D-Galp_6,N6,435,,active,NE,NE,,0
3251,N-glycan_b-D-Galp_8,N8,435,,active,NE,NE,,0
3252,O-glycan_b-D-Galp_802,O802,435,,active,NE,NE,,0
3253,N-glycan_b-D-Galp_10,N10,435,,active,NE,NE,,0
3254,O-glycan_b-D-Galp_808,O808,435,,active,NE,NE,,0
3255,O-glycan_b-D-Galp_809,O809,435,,active,NE,NE,,0
3256,O-glycan_b-D-Galp_742,O742,435,,active,NE,NE,,0
3257,N-glycan_b-D-Galp_37,N37,435,,active,NE,NE,,0
3258,N-glycan_b-D-Galp_60,N60,435,,active,NE,NE,,0
3259,O-glycan_b-D-Galp_731,O731,435,,active,NE,NE,,0
3260,O-glycan_b-D-Galp_746,O746,435,,active,NE,NE,,0
3261,N-glycan_b-D-Galp_80,N80,435,,active,NE,NE,,0
3262,O-glycan_b-D-Galp_675,O675,435,,active,NE,NE,,0
3263,O-glycan_b-D-Galp_663,O663,435,,active,NE,NE,,0
3264,N-glycan_b-D-Galp_287,N287,435,,active,NE,NE,,0
3265,O-glycan_b-D-Galp_822,O822,435,,active,NE,NE,,0
3266,N-glycan_b-D-Galp_32,N32,435,,active,NE,NE,,0
3267,O-glycan_b-D-Galp_670,O670,435,,active,NE,NE,,0
3268,N-glycan_b-D-Galp_63,N63,435,,active,NE,NE,,0
3269,O-glycan_b-D-Galp_700,O700,435,,active,NE,NE,,0
3270,N-glycan_b-D-Galp_289,N289,435,,active,NE,NE,,0
3271,N-glycan_b-D-Galp_358,N358,435,,active,NE,NE,,0
3272,N-glycan_b-D-Galp_66,N66,435,,active,NE,NE,,0
3273,N-glycan_b-D-Galp_68,N68,435,,active,NE,NE,,0
3274,N-glycan_b-D-Galp_281,N281,435,,active,NE,NE,,0
3275,N-glycan_b-D-Galp_280,N280,435,,active,NE,NE,,0
3276,N-glycan_b-D-Galp_77,N77,435,,active,NE,NE,,0
3277,N-glycan_b-D-Galp_340,N340,435,,active,NE,NE,,0
3278,O-glycan_b-D-Galp_539,O539,435,,active,NE,NE,,0
3279,O-glycan_b-D-Galp_158,O158,435,,active,NE,NE,,0
3280,O-glycan_b-D-Galp_555,O555,435,,active,NE,NE,,0
3281,O-glycan_b-D-Galp_644,O644,435,,active,NE,NE,,0
3283,O-glycan_b-D-Galp_158,O158,436,,active,NE,NE,,0
3285,N-glycan_b-D-Galp_3,N3,436,,active,NE,NE,,0
3287,N-glycan_b-D-Galp_6,N6,436,,active,NE,NE,,0
3289,O-glycan_b-D-Galp_539,O539,436,,active,NE,NE,,0
3291,N-glycan_b-D-Galp_63,N63,436,,active,NE,NE,,0
3293,N-glycan_b-D-Galp_80,N80,436,,active,NE,NE,,0
3295,O-glycan_b-D-Galp_700,O700,436,,active,NE,NE,,0
3297,O-glycan_b-D-Galp_663,O663,436,,active,NE,NE,,0
3299,N-glycan_b-D-Galp_8,N8,436,,active,NE,NE,,0
3301,N-glycan_b-D-Galp_340,N340,436,,active,NE,NE,,0
3303,N-glycan_b-D-Galp_287,N287,436,,active,NE,NE,,0
3305,O-glycan_b-D-Galp_802,O802,436,,active,NE,NE,,0
3307,N-glycan_b-D-Galp_358,N358,436,,active,NE,NE,,0
3309,N-glycan_b-D-Galp_289,N289,436,,active,NE,NE,,0
3311,O-glycan_b-D-Galp_822,O822,436,,active,NE,NE,,0
3313,N-glycan_b-D-Galp_66,N66,436,,active,NE,NE,,0
3315,N-glycan_b-D-Galp_10,N10,436,,active,NE,NE,,0
3317,N-glycan_b-D-Galp_32,N32,436,,active,NE,NE,,0
3319,O-glycan_b-D-Galp_644,O644,436,Capping Step 5,active,NE,NE,,0
3321,N-glycan_b-D-Galp_68,N68,436,,active,NE,NE,,0
3323,N-glycan_b-D-Galp_281,N281,436,,active,NE,NE,,0
3325,O-glycan_b-D-Galp_808,O808,436,,active,NE,NE,,0
3327,N-glycan_b-D-Galp_280,N280,436,,active,NE,NE,,0
3329,N-glycan_b-D-Galp_77,N77,436,,active,NE,NE,,0
3331,O-glycan_b-D-Galp_809,O809,436,,active,NE,NE,,0
3333,O-glycan_b-D-Galp_670,O670,436,,active,NE,NE,,0
3335,O-glycan_b-D-Galp_742,O742,436,,active,NE,NE,,0
3337,N-glycan_b-D-Galp_37,N37,436,,active,NE,NE,,0
3339,N-glycan_b-D-Galp_60,N60,436,,active,NE,NE,,0
3340,O-glycan_b-D-Galp_158,O158,437,,active,NE,NE,,0
3341,N-glycan_b-D-Galp_3,N3,437,,active,NE,NE,,0
3342,N-glycan_b-D-Galp_6,N6,437,,active,NE,NE,,0
3343,O-glycan_b-D-Galp_539,O539,437,,active,NE,NE,,0
3344,N-glycan_b-D-Galp_63,N63,437,,active,NE,NE,,0
3345,N-glycan_b-D-Galp_80,N80,437,,active,NE,NE,,0
3346,O-glycan_b-D-Galp_700,O700,437,,active,NE,NE,,0
3347,O-glycan_b-D-Galp_663,O663,437,,active,NE,NE,,0
3348,N-glycan_b-D-Galp_8,N8,437,,active,NE,NE,,0
3349,N-glycan_b-D-Galp_340,N340,437,,active,NE,NE,,0
3350,N-glycan_b-D-Galp_287,N287,437,,active,NE,NE,,0
3351,O-glycan_b-D-Galp_802,O802,437,,active,NE,NE,,0
3352,N-glycan_b-D-Galp_358,N358,437,,active,NE,NE,,0
3353,N-glycan_b-D-Galp_289,N289,437,,active,NE,NE,,0
3354,O-glycan_b-D-Galp_822,O822,437,,active,NE,NE,,0
3355,N-glycan_b-D-Galp_66,N66,437,,active,NE,NE,,0
3356,N-glycan_b-D-Galp_10,N10,437,,active,NE,NE,,0
3357,N-glycan_b-D-Galp_32,N32,437,,active,NE,NE,,0
3358,O-glycan_b-D-Galp_644,O644,437,Capping Step 5,active,NE,NE,,0
3359,N-glycan_b-D-Galp_68,N68,437,,active,NE,NE,,0
3360,N-glycan_b-D-Galp_281,N281,437,,active,NE,NE,,0
3361,O-glycan_b-D-Galp_808,O808,437,,active,NE,NE,,0
3362,N-glycan_b-D-Galp_280,N280,437,,active,NE,NE,,0
3363,N-glycan_b-D-Galp_77,N77,437,,active,NE,NE,,0
3364,O-glycan_b-D-Galp_809,O809,437,,active,NE,NE,,0
3365,O-glycan_b-D-Galp_670,O670,437,,active,NE,NE,,0
3366,O-glycan_b-D-Galp_742,O742,437,,active,NE,NE,,0
3367,N-glycan_b-D-Galp_37,N37,437,,active,NE,NE,,0
3368,N-glycan_b-D-Galp_60,N60,437,,active,NE,NE,,0
3369,O-glycan_b-D-Galp_158,O158,438,,active,NE,NE,,0
3370,O-glycan_b-D-Galp_700,O700,438,,active,NE,NE,,0
3371,O-glycan_b-D-Galp_663,O663,438,,active,NE,NE,,0
3372,O-glycan_b-D-Galp_808,O808,438,,active,NE,NE,,0
3373,O-glycan_b-D-Galp_644,O644,438,Capping Step 5,active,NE,NE,,0
3374,O-glycan_b-D-Galp_809,O809,438,,active,NE,NE,,0
3375,O-glycan_b-D-Galp_670,O670,438,,active,NE,NE,,0
3376,O-glycan_b-D-Galp_822,O822,438,,active,NE,NE,,0
3377,O-glycan_b-D-Galp_802,O802,438,,active,NE,NE,,0
3378,O-glycan_b-D-Galp_539,O539,438,,active,NE,NE,,0
3379,O-glycan_b-D-Galp_742,O742,438,,active,NE,NE,,0
3380,O-glycan_b-D-Galp_158,O158,439,,active,NE,NE,,0
3381,O-glycan_b-D-Galp_700,O700,439,,active,NE,NE,,0
3382,O-glycan_b-D-Galp_663,O663,439,,active,NE,NE,,0
3383,O-glycan_b-D-Galp_808,O808,439,,active,NE,NE,,0
3384,O-glycan_b-D-Galp_644,O644,439,Capping Step 5,active,NE,NE,,0
3385,O-glycan_b-D-Galp_809,O809,439,,active,NE,NE,,0
3386,O-glycan_b-D-Galp_670,O670,439,,active,NE,NE,,0
3387,O-glycan_b-D-Galp_822,O822,439,,active,NE,NE,,0
3388,O-glycan_b-D-Galp_802,O802,439,,active,NE,NE,,0
3389,O-glycan_b-D-Galp_539,O539,439,,active,NE,NE,,0
3390,O-glycan_b-D-Galp_742,O742,439,,active,NE,NE,,0
3391,O-glycan_b-D-Galp_158,O158,440,,active,NE,NE,,0
3392,O-glycan_b-D-Galp_700,O700,440,,active,NE,NE,,0
3393,O-glycan_b-D-Galp_663,O663,440,,active,NE,NE,,0
3394,O-glycan_b-D-Galp_808,O808,440,,active,NE,NE,,0
3395,O-glycan_b-D-Galp_644,O644,440,Capping Step 5,active,NE,NE,,0
3396,O-glycan_b-D-Galp_809,O809,440,,active,NE,NE,,0
3397,O-glycan_b-D-Galp_670,O670,440,,active,NE,NE,,0
3398,O-glycan_b-D-Galp_802,O802,440,,active,NE,NE,,0
3399,O-glycan_b-D-Galp_822,O822,440,,active,NE,NE,,0
3400,O-glycan_b-D-Galp_742,O742,440,,active,NE,NE,,0
3401,O-glycan_b-D-Galp_539,O539,440,,active,NE,NE,,0
3402,O-glycan_b-D-Galp_158,O158,441,,active,NE,NE,,0
3403,O-glycan_b-D-Galp_700,O700,441,,active,NE,NE,,0
3404,O-glycan_b-D-Galp_663,O663,441,,active,NE,NE,,0
3405,O-glycan_b-D-Galp_808,O808,441,,active,NE,NE,,0
3406,O-glycan_b-D-Galp_644,O644,441,Capping Step 5,active,NE,NE,,0
3407,O-glycan_b-D-Galp_809,O809,441,,active,NE,NE,,0
3408,O-glycan_b-D-Galp_670,O670,441,,active,NE,NE,,0
3409,O-glycan_b-D-Galp_802,O802,441,,active,NE,NE,,0
3410,O-glycan_b-D-Galp_822,O822,441,,active,NE,NE,,0
3411,O-glycan_b-D-Galp_742,O742,441,,active,NE,NE,,0
3412,O-glycan_b-D-Galp_539,O539,441,,active,NE,NE,,0
3414,O-glycan_b-D-Galp_152,O152,444,,active,NE,NE,,0
3415,O-glycan_b-D-Galp_152,O152,445,,active,NE,NE,,0
3416,O-glycan_b-D-Galp_152,O152,446,,active,NE,NE,,0
3417,O-glycan_b-D-Galp_152,O152,447,,active,NE,NE,,0
3418,O-glycan_sulfate_816,O816,448,,active,NE,NE,,0
3419,O-glycan_sulfate_817,O817,448,,active,NE,NE,,0
3420,N-glycan_sulfate_534,N534,448,,active,NE,NE,,0
3421,N-glycan_sulfate_535,N535,448,,active,NE,NE,,0
3422,N-glycan_sulfate_536,N536,448,,active,NE,NE,,0
3423,N-glycan_sulfate_537,N537,448,,active,NE,NE,,0
3424,O-glycan_sulfate_821,O821,448,,active,NE,NE,,0
3425,O-glycan_sulfate_820,O820,448,,active,NE,NE,,0
3426,O-glycan_sulfate_816,O816,449,,active,NE,NE,,0
3427,O-glycan_sulfate_817,O817,449,,active,NE,NE,,0
3428,N-glycan_sulfate_534,N534,449,,active,NE,NE,,0
3429,N-glycan_sulfate_535,N535,449,,active,NE,NE,,0
3430,N-glycan_sulfate_536,N536,449,,active,NE,NE,,0
3431,N-glycan_sulfate_537,N537,449,,active,NE,NE,,0
3432,O-glycan_sulfate_821,O821,449,,active,NE,NE,,0
3433,O-glycan_sulfate_820,O820,449,,active,NE,NE,,0
3434,N-glycan_sulfate_470,N470,454,,active,NE,NE,,0
3435,N-glycan_sulfate_469,N469,454,,active,NE,NE,,0
3436,N-glycan_sulfate_470,N470,455,,active,NE,NE,,0
3437,N-glycan_sulfate_469,N469,455,,active,NE,NE,,0
3438,N-glycan_sulfate_469,N469,456,,active,NE,NE,,0
3439,N-glycan_sulfate_470,N470,456,,active,NE,NE,,0
3440,N-glycan_sulfate_469,N469,457,,active,NE,NE,,0
3441,N-glycan_sulfate_470,N470,457,,active,NE,NE,,0
3443,N-glycan_core_D-GlcNAc_A,NA,458,,active,NE,NE,,0
3444,N-glycan_core_D-GlcNAc_A,NA,459,,active,NE,NE,,0
3445,O-glycan_core_x-D-GlcxNAc_C2,OC2,460,,active,NE,NE,,0
3446,O-glycan_core_x-D-GlcxNAc_C2,OC2,461,,active,NE,NE,,0
3447,N-glycan_a-L-Fucp_103,N103,462,,active,NE,NE,,0
3448,N-glycan_a-L-Fucp_53,N53,462,,active,NE,NE,,0
3449,N-glycan_a-L-Fucp_54,N54,462,,active,NE,NE,,0
3450,O-glycan_a-L-Fucp_154,O154,462,,active,NE,NE,,0
3451,O-glycan_a-L-Fucp_726,O726,462,,active,NE,NE,,0
3452,N-glycan_a-L-Fucp_531,N531,462,,active,NE,NE,,0
3453,N-glycan_a-L-Fucp_329,N329,462,,active,NE,NE,,0
3454,O-glycan_a-L-Fucp_659,O659,462,,active,NE,NE,,0
3455,N-glycan_a-L-Fucp_328,N328,462,,active,NE,NE,,0
3456,O-glycan_a-L-Fucp_660,O660,462,,active,NE,NE,,0
3457,N-glycan_a-L-Fucp_81,N81,462,,active,NE,NE,,0
3458,O-glycan_a-L-Fucp_735,O735,462,,active,NE,NE,,0
3459,N-glycan_a-L-Fucp_200,N200,462,,active,NE,NE,,0
3460,O-glycan_a-L-Fucp_566,O566,462,,active,NE,NE,,0
3461,O-glycan_a-L-Fucp_607,O607,462,,active,NE,NE,,0
3462,N-glycan_a-L-Fucp_71,N71,462,,active,NE,NE,,0
3463,O-glycan_a-L-Fucp_556,O556,462,,active,NE,NE,,0
3464,O-glycan_a-L-Fucp_709,O709,462,,active,NE,NE,,0
3465,O-glycan_a-L-Fucp_741,O741,462,,active,NE,NE,,0
3466,O-glycan_a-L-Fucp_683,O683,462,,active,NE,NE,,0
3467,O-glycan_a-L-Fucp_734,O734,462,,active,NE,NE,,0
3468,O-glycan_a-L-Fucp_747,O747,462,,active,NE,NE,,0
3469,O-glycan_a-L-Fucp_167,O167,462,,active,NE,NE,,0
3470,N-glycan_a-L-Fucp_102,N102,462,,active,NE,NE,,0
3472,N-glycan_a-L-Fucp_103,N103,463,,active,NE,NE,,0
3474,N-glycan_a-L-Fucp_53,N53,463,,active,NE,NE,,0
3476,N-glycan_a-L-Fucp_54,N54,463,,active,NE,NE,,0
3478,O-glycan_a-L-Fucp_154,O154,463,,active,NE,NE,,0
3480,O-glycan_a-L-Fucp_726,O726,463,,active,NE,NE,,0
3482,N-glycan_a-L-Fucp_531,N531,463,,active,NE,NE,,0
3484,N-glycan_a-L-Fucp_329,N329,463,,active,NE,NE,,0
3486,O-glycan_a-L-Fucp_659,O659,463,,active,NE,NE,,0
3488,N-glycan_a-L-Fucp_328,N328,463,,active,NE,NE,,0
3490,O-glycan_a-L-Fucp_660,O660,463,,active,NE,NE,,0
3492,N-glycan_a-L-Fucp_81,N81,463,,active,NE,NE,,0
3494,O-glycan_a-L-Fucp_735,O735,463,,active,NE,NE,,0
3496,N-glycan_a-L-Fucp_200,N200,463,,active,NE,NE,,0
3498,O-glycan_a-L-Fucp_566,O566,463,,active,NE,NE,,0
3500,O-glycan_a-L-Fucp_607,O607,463,,active,NE,NE,,0
3502,N-glycan_a-L-Fucp_71,N71,463,,active,NE,NE,,0
3504,O-glycan_a-L-Fucp_556,O556,463,,active,NE,NE,,0
3506,O-glycan_a-L-Fucp_709,O709,463,,active,NE,NE,,0
3508,O-glycan_a-L-Fucp_741,O741,463,,active,NE,NE,,0
3510,O-glycan_a-L-Fucp_683,O683,463,,active,NE,NE,,0
3512,O-glycan_a-L-Fucp_734,O734,463,,active,NE,NE,,0
3514,O-glycan_a-L-Fucp_747,O747,463,,active,NE,NE,,0
3516,O-glycan_a-L-Fucp_167,O167,463,,active,NE,NE,,0
3518,N-glycan_a-L-Fucp_102,N102,463,,active,NE,NE,,0
3520,O-glycan_a-L-Fucp_705,O705,464,,active,NE,NE,,0
3522,O-glycan_a-L-Fucp_811,O811,464,,active,NE,NE,,0
3524,O-glycan_a-L-Fucp_548,O548,464,,active,NE,NE,,0
3526,N-glycan_a-L-Fucp_41,N41,464,??? May GT to GlcNAc with out attached B4Gal residue,active,NE,NE,,0
3528,O-glycan_a-L-Fucp_671,O671,464,,active,NE,NE,,0
3530,N-glycan_a-L-Fucp_98,N98,464,,active,NE,NE,,0
3532,N-glycan_a-L-Fucp_277,N277,464,,active,NE,NE,,0
3534,N-glycan_a-L-Fucp_99,N99,464,,active,NE,NE,,0
3536,O-glycan_a-L-Fucp_810,O810,464,,active,NE,NE,,0
3538,N-glycan_a-L-Fucp_231,N231,464,,active,NE,NE,,0
3540,O-glycan_a-L-Fucp_563,O563,464,,active,NE,NE,,0
3542,O-glycan_a-L-Fucp_669,O669,464,,active,NE,NE,,0
3544,N-glycan_a-L-Fucp_279,N279,464,,active,NE,NE,,0
3546,N-glycan_a-L-Fucp_230,N230,464,,active,NE,NE,,0
3547,O-glycan_a-L-Fucp_705,O705,465,,active,NE,NE,,0
3548,O-glycan_a-L-Fucp_811,O811,465,,active,NE,NE,,0
3549,O-glycan_a-L-Fucp_548,O548,465,,active,NE,NE,,0
3550,N-glycan_a-L-Fucp_41,N41,465,??? May GT to GlcNAc with out attached B4Gal residue,active,NE,NE,,0
3551,O-glycan_a-L-Fucp_671,O671,465,,active,NE,NE,,0
3552,N-glycan_a-L-Fucp_98,N98,465,,active,NE,NE,,0
3553,N-glycan_a-L-Fucp_277,N277,465,,active,NE,NE,,0
3554,N-glycan_a-L-Fucp_99,N99,465,,active,NE,NE,,0
3555,O-glycan_a-L-Fucp_810,O810,465,,active,NE,NE,,0
3556,N-glycan_a-L-Fucp_231,N231,465,,active,NE,NE,,0
3557,O-glycan_a-L-Fucp_563,O563,465,,active,NE,NE,,0
3558,O-glycan_a-L-Fucp_669,O669,465,,active,NE,NE,,0
3559,N-glycan_a-L-Fucp_279,N279,465,,active,NE,NE,,0
3560,N-glycan_a-L-Fucp_230,N230,465,,active,NE,NE,,0
3561,O-glycan_a-L-Fucp_705,O705,466,,active,NE,NE,,0
3562,N-glycan_a-L-Fucp_41,N41,466,???,active,NE,NE,,0
3563,N-glycan_a-L-Fucp_231,N231,466,,active,NE,NE,,0
3564,N-glycan_a-L-Fucp_230,N230,466,,active,NE,NE,,0
3565,O-glycan_a-L-Fucp_548,O548,466,,active,NE,NE,,0
3566,O-glycan_a-L-Fucp_671,O671,466,,active,NE,NE,,0
3567,N-glycan_a-L-Fucp_98,N98,466,,active,NE,NE,,0
3568,N-glycan_a-L-Fucp_277,N277,466,,active,NE,NE,,0
3569,O-glycan_a-L-Fucp_811,O811,466,,active,NE,NE,,0
3570,N-glycan_a-L-Fucp_99,N99,466,,active,NE,NE,,0
3571,O-glycan_a-L-Fucp_810,O810,466,,active,NE,NE,,0
3572,O-glycan_a-L-Fucp_563,O563,466,,active,NE,NE,,0
3573,O-glycan_a-L-Fucp_669,O669,466,,active,NE,NE,,0
3574,N-glycan_a-L-Fucp_279,N279,466,,active,NE,NE,,0
3575,O-glycan_a-L-Fucp_705,O705,467,,active,NE,NE,,0
3576,N-glycan_a-L-Fucp_41,N41,467,???,active,NE,NE,,0
3577,N-glycan_a-L-Fucp_231,N231,467,,active,NE,NE,,0
3578,N-glycan_a-L-Fucp_230,N230,467,,active,NE,NE,,0
3579,O-glycan_a-L-Fucp_548,O548,467,,active,NE,NE,,0
3580,O-glycan_a-L-Fucp_671,O671,467,,active,NE,NE,,0
3581,N-glycan_a-L-Fucp_98,N98,467,,active,NE,NE,,0
3582,N-glycan_a-L-Fucp_277,N277,467,,active,NE,NE,,0
3583,O-glycan_a-L-Fucp_811,O811,467,,active,NE,NE,,0
3584,N-glycan_a-L-Fucp_99,N99,467,,active,NE,NE,,0
3585,O-glycan_a-L-Fucp_810,O810,467,,active,NE,NE,,0
3586,O-glycan_a-L-Fucp_563,O563,467,,active,NE,NE,,0
3587,O-glycan_a-L-Fucp_669,O669,467,,active,NE,NE,,0
3588,N-glycan_a-L-Fucp_279,N279,467,,active,NE,NE,,0
3590,N-glycan_a-L-Fucp_531,N531,468,,active,NE,NE,,0
3592,N-glycan_a-L-Fucp_329,N329,468,,active,NE,NE,,0
3594,N-glycan_a-L-Fucp_328,N328,468,,active,NE,NE,,0
3596,N-glycan_a-L-Fucp_81,N81,468,,active,NE,NE,,0
3598,O-glycan_a-L-Fucp_735,O735,468,,active,NE,NE,,0
3600,N-glycan_a-L-Fucp_200,N200,468,,active,NE,NE,,0
3602,O-glycan_a-L-Fucp_566,O566,468,,active,NE,NE,,0
3604,O-glycan_a-L-Fucp_607,O607,468,,active,NE,NE,,0
3606,N-glycan_a-L-Fucp_71,N71,468,,active,NE,NE,,0
3608,O-glycan_a-L-Fucp_556,O556,468,,active,NE,NE,,0
3610,O-glycan_a-L-Fucp_659,O659,468,,active,NE,NE,,0
3612,O-glycan_a-L-Fucp_660,O660,468,,active,NE,NE,,0
3614,O-glycan_a-L-Fucp_709,O709,468,,active,NE,NE,,0
3616,O-glycan_a-L-Fucp_741,O741,468,,active,NE,NE,,0
3618,O-glycan_a-L-Fucp_683,O683,468,,active,NE,NE,,0
3620,O-glycan_a-L-Fucp_734,O734,468,,active,NE,NE,,0
3622,O-glycan_a-L-Fucp_747,O747,468,,active,NE,NE,,0
3624,O-glycan_a-L-Fucp_167,O167,468,,active,NE,NE,,0
3626,N-glycan_a-L-Fucp_102,N102,468,,active,NE,NE,,0
3628,N-glycan_a-L-Fucp_103,N103,468,,active,NE,NE,,0
3630,N-glycan_a-L-Fucp_53,N53,468,,active,NE,NE,,0
3632,N-glycan_a-L-Fucp_54,N54,468,,active,NE,NE,,0
3634,O-glycan_a-L-Fucp_154,O154,468,,active,NE,NE,,0
3636,O-glycan_a-L-Fucp_726,O726,468,,active,NE,NE,,0
3637,N-glycan_a-L-Fucp_531,N531,469,,active,NE,NE,,0
3638,N-glycan_a-L-Fucp_329,N329,469,,active,NE,NE,,0
3639,N-glycan_a-L-Fucp_328,N328,469,,active,NE,NE,,0
3640,N-glycan_a-L-Fucp_81,N81,469,,active,NE,NE,,0
3641,O-glycan_a-L-Fucp_735,O735,469,,active,NE,NE,,0
3642,N-glycan_a-L-Fucp_200,N200,469,,active,NE,NE,,0
3643,O-glycan_a-L-Fucp_566,O566,469,,active,NE,NE,,0
3644,O-glycan_a-L-Fucp_607,O607,469,,active,NE,NE,,0
3645,N-glycan_a-L-Fucp_71,N71,469,,active,NE,NE,,0
3646,O-glycan_a-L-Fucp_556,O556,469,,active,NE,NE,,0
3647,O-glycan_a-L-Fucp_659,O659,469,,active,NE,NE,,0
3648,O-glycan_a-L-Fucp_660,O660,469,,active,NE,NE,,0
3649,O-glycan_a-L-Fucp_709,O709,469,,active,NE,NE,,0
3650,O-glycan_a-L-Fucp_741,O741,469,,active,NE,NE,,0
3651,O-glycan_a-L-Fucp_683,O683,469,,active,NE,NE,,0
3652,O-glycan_a-L-Fucp_734,O734,469,,active,NE,NE,,0
3653,O-glycan_a-L-Fucp_747,O747,469,,active,NE,NE,,0
3654,O-glycan_a-L-Fucp_167,O167,469,,active,NE,NE,,0
3655,N-glycan_a-L-Fucp_102,N102,469,,active,NE,NE,,0
3656,N-glycan_a-L-Fucp_103,N103,469,,active,NE,NE,,0
3657,N-glycan_a-L-Fucp_53,N53,469,,active,NE,NE,,0
3658,N-glycan_a-L-Fucp_54,N54,469,,active,NE,NE,,0
3659,O-glycan_a-L-Fucp_154,O154,469,,active,NE,NE,,0
3660,O-glycan_a-L-Fucp_726,O726,469,,active,NE,NE,,0
3664,N-glycan_a-L-Fucp_43,N43,471,Pref 3O sulf Type I and 2> Non-SO4 & Non-SA> Sial Type 1 & 2,active,NE,NE,,0
3665,N-glycan_a-L-Fucp_42,N42,471,Pref 3O sulf Type I and 2> Non-SO4 & Non-SA> Sial Type 1 & 2,active,NE,NE,,0
3666,N-glycan_a-L-Fucp_18,N18,471,Not in mouse,active,NE,NE,,0
3668,O-glycan_a-L-Fucp_811,O811,472,,active,NE,NE,,0
3670,O-glycan_a-L-Fucp_810,O810,472,,active,NE,NE,,0
3672,N-glycan_a-L-Fucp_231,N231,472,,active,NE,NE,,0
3674,O-glycan_a-L-Fucp_563,O563,472,,active,NE,NE,,0
3676,O-glycan_a-L-Fucp_669,O669,472,,active,NE,NE,,0
3678,N-glycan_a-L-Fucp_18,N18,472,,active,NE,NE,,0
3680,O-glycan_a-L-Fucp_705,O705,472,,active,NE,NE,,0
3682,N-glycan_a-L-Fucp_230,N230,472,,active,NE,NE,,0
3684,O-glycan_a-L-Fucp_548,O548,472,,active,NE,NE,,0
3686,N-glycan_a-L-Fucp_42,N42,472,Equal preference` for 3O sulf and Non-SO4 and Non-SA Type 1 and 2 - Little act on Sial,active,NE,NE,,0
3688,O-glycan_a-L-Fucp_671,O671,472,,active,NE,NE,,0
3690,N-glycan_a-L-Fucp_98,N98,472,,active,NE,NE,,0
3692,N-glycan_a-L-Fucp_43,N43,472,Equal preference for 3O sulf and Non-SO4 and Non-SA Type 1 and 2 - Little act on Sial,active,NE,NE,,0
3694,N-glycan_a-L-Fucp_99,N99,472,,active,NE,NE,,0
3696,N-glycan_a-L-Fucp_279,N279,472,,active,NE,NE,,0
3698,N-glycan_a-L-Fucp_277,N277,472,,active,NE,NE,,0
3699,O-glycan_a-L-Fucp_811,O811,473,,active,NE,NE,,0
3700,O-glycan_a-L-Fucp_810,O810,473,,active,NE,NE,,0
3701,N-glycan_a-L-Fucp_231,N231,473,,active,NE,NE,,0
3702,O-glycan_a-L-Fucp_563,O563,473,,active,NE,NE,,0
3703,O-glycan_a-L-Fucp_669,O669,473,,active,NE,NE,,0
3704,N-glycan_a-L-Fucp_18,N18,473,,active,NE,NE,,0
3705,O-glycan_a-L-Fucp_705,O705,473,,active,NE,NE,,0
3706,N-glycan_a-L-Fucp_230,N230,473,,active,NE,NE,,0
3707,O-glycan_a-L-Fucp_548,O548,473,,active,NE,NE,,0
3708,N-glycan_a-L-Fucp_42,N42,473,Equal preference` for 3O sulf and Non-SO4 and Non-SA Type 1 and 2 - Little act on Sial,active,NE,NE,,0
3709,O-glycan_a-L-Fucp_671,O671,473,,active,NE,NE,,0
3710,N-glycan_a-L-Fucp_98,N98,473,,active,NE,NE,,0
3711,N-glycan_a-L-Fucp_43,N43,473,Equal preference for 3O sulf and Non-SO4 and Non-SA Type 1 and 2 - Little act on Sial,active,NE,NE,,0
3712,N-glycan_a-L-Fucp_99,N99,473,,active,NE,NE,,0
3713,N-glycan_a-L-Fucp_279,N279,473,,active,NE,NE,,0
3714,N-glycan_a-L-Fucp_277,N277,473,,active,NE,NE,,0
3715,N-glycan_a-L-Fucp_18,N18,474,Not in mouse,active,NE,NE,,0
3716,N-glycan_a-L-Fucp_43,N43,474,Pref 3O sulf Type I and 2> Sial Type 1&2>Non-SO4 & Non-SA,active,NE,NE,,0
3717,N-glycan_a-L-Fucp_42,N42,474,Pref 3O sulf Type I and 2> Sial Type 1&2>Non-SO4 & Non-SA,active,NE,NE,,0
3718,N-glycan_a-L-Fucp_18,N18,475,Not in mouse,active,NE,NE,,0
3719,N-glycan_a-L-Fucp_43,N43,475,Pref 3O sulf Type I and 2> Sial Type 1&2>Non-SO4 & Non-SA,active,NE,NE,,0
3720,N-glycan_a-L-Fucp_42,N42,475,Pref 3O sulf Type I and 2> Sial Type 1&2>Non-SO4 & Non-SA,active,NE,NE,,0
3721,O-glycan_a-L-Fucp_811,O811,476,,active,NE,NE,,0
3722,O-glycan_a-L-Fucp_705,O705,476,,active,NE,NE,,0
3723,N-glycan_a-L-Fucp_231,N231,476,,active,NE,NE,,0
3724,N-glycan_a-L-Fucp_279,N279,476,,active,NE,NE,,0
3725,N-glycan_a-L-Fucp_230,N230,476,,active,NE,NE,,0
3726,N-glycan_a-L-Fucp_277,N277,476,,active,NE,NE,,0
3727,O-glycan_a-L-Fucp_671,O671,476,,active,NE,NE,,0
3728,N-glycan_a-L-Fucp_98,N98,476,,active,NE,NE,,0
3729,O-glycan_a-L-Fucp_810,O810,476,,active,NE,NE,,0
3730,O-glycan_a-L-Fucp_548,O548,476,,active,NE,NE,,0
3731,N-glycan_a-L-Fucp_99,N99,476,,active,NE,NE,,0
3732,O-glycan_a-L-Fucp_669,O669,476,,active,NE,NE,,0
3733,O-glycan_a-L-Fucp_563,O563,476,,active,NE,NE,,0
3734,O-glycan_a-L-Fucp_811,O811,477,,active,NE,NE,,0
3735,O-glycan_a-L-Fucp_705,O705,477,,active,NE,NE,,0
3736,N-glycan_a-L-Fucp_231,N231,477,,active,NE,NE,,0
3737,N-glycan_a-L-Fucp_279,N279,477,,active,NE,NE,,0
3738,N-glycan_a-L-Fucp_230,N230,477,,active,NE,NE,,0
3739,N-glycan_a-L-Fucp_277,N277,477,,active,NE,NE,,0
3740,O-glycan_a-L-Fucp_671,O671,477,,active,NE,NE,,0
3741,N-glycan_a-L-Fucp_98,N98,477,,active,NE,NE,,0
3742,O-glycan_a-L-Fucp_810,O810,477,,active,NE,NE,,0
3743,O-glycan_a-L-Fucp_548,O548,477,,active,NE,NE,,0
3744,N-glycan_a-L-Fucp_99,N99,477,,active,NE,NE,,0
3745,O-glycan_a-L-Fucp_669,O669,477,,active,NE,NE,,0
3746,O-glycan_a-L-Fucp_563,O563,477,,active,NE,NE,,0
3748,N-glycan_a-L-Fucp_15,N15,478,,active,NE,NE,,0
3750,N-glycan_a-L-Fucp_15,N15,479,,active,NE,NE,,0
3752,O-glycan_a-L-Fucp_811,O811,480,,active,NE,NE,,0
3754,O-glycan_a-L-Fucp_705,O705,480,,active,NE,NE,,0
3756,N-glycan_a-L-Fucp_18,N18,480,,active,NE,NE,,0
3758,N-glycan_a-L-Fucp_279,N279,480,,active,NE,NE,,0
3760,N-glycan_a-L-Fucp_230,N230,480,,active,NE,NE,,0
3762,O-glycan_a-L-Fucp_548,O548,480,,active,NE,NE,,0
3764,N-glycan_a-L-Fucp_42,N42,480,Prefers Non-SO4 & Non-SA - little to no act on 3O SO4 or SA,active,NE,NE,,0
3766,N-glycan_a-L-Fucp_277,N277,480,,active,NE,NE,,0
3768,O-glycan_a-L-Fucp_671,O671,480,,active,NE,NE,,0
3770,N-glycan_a-L-Fucp_98,N98,480,,active,NE,NE,,0
3772,N-glycan_a-L-Fucp_43,N43,480,Prefers Non-SO4 & Non-SA - little to no act on 3O SO4 or SA,active,NE,NE,,0
3774,N-glycan_a-L-Fucp_231,N231,480,,active,NE,NE,,0
3776,O-glycan_a-L-Fucp_810,O810,480,,active,NE,NE,,0
3778,N-glycan_a-L-Fucp_99,N99,480,,active,NE,NE,,0
3780,O-glycan_a-L-Fucp_563,O563,480,,active,NE,NE,,0
3782,O-glycan_a-L-Fucp_669,O669,480,,active,NE,NE,,0
3783,O-glycan_a-L-Fucp_811,O811,481,,active,NE,NE,,0
3784,O-glycan_a-L-Fucp_705,O705,481,,active,NE,NE,,0
3785,N-glycan_a-L-Fucp_18,N18,481,,active,NE,NE,,0
3786,N-glycan_a-L-Fucp_279,N279,481,,active,NE,NE,,0
3787,N-glycan_a-L-Fucp_230,N230,481,,active,NE,NE,,0
3788,O-glycan_a-L-Fucp_548,O548,481,,active,NE,NE,,0
3789,N-glycan_a-L-Fucp_42,N42,481,Prefers Non-SO4 & Non-SA - little to no act on 3O SO4 or SA,active,NE,NE,,0
3790,N-glycan_a-L-Fucp_277,N277,481,,active,NE,NE,,0
3791,O-glycan_a-L-Fucp_671,O671,481,,active,NE,NE,,0
3792,N-glycan_a-L-Fucp_98,N98,481,,active,NE,NE,,0
3793,N-glycan_a-L-Fucp_43,N43,481,Prefers Non-SO4 & Non-SA - little to no act on 3O SO4 or SA,active,NE,NE,,0
3794,N-glycan_a-L-Fucp_231,N231,481,,active,NE,NE,,0
3795,O-glycan_a-L-Fucp_810,O810,481,,active,NE,NE,,0
3796,N-glycan_a-L-Fucp_99,N99,481,,active,NE,NE,,0
3797,O-glycan_a-L-Fucp_563,O563,481,,active,NE,NE,,0
3798,O-glycan_a-L-Fucp_669,O669,481,,active,NE,NE,,0
3799,O-glycan_a-D-GalpNAc_C,OC,484,,active,NE,NE,,0
3801,O-glycan_a-D-GalpNAc_C,OC,485,,active,NE,NE,,0
3802,O-glycan_core_a-D-GalpNAc_C,OC,486,,active,NE,NE,,0
3803,O-glycan_core_a-D-GalpNAc_C,OC,487,,active,NE,NE,,0
3804,O-glycan_core_a-D-GalpNAc_C,OC,488,,active,NE,NE,,0
3805,O-glycan_core_a-D-GalpNAc_C,OC,489,,active,NE,NE,,0
3806,O-glycan_core_a-D-GalpNAc_C,OC,490,,active,NE,NE,,0
3807,O-glycan_core_a-D-GalpNAc_C,OC,491,,active,NE,NE,,0
3808,O-glycan_core_a-D-GalpNAc_C,OC,492,,active,NE,NE,,0
3809,O-glycan_core_a-D-GalpNAc_C,OC,493,,active,NE,NE,,0
3810,O-glycan_core_a-D-GalpNAc_C,OC,494,,active,NE,NE,,0
3811,O-glycan_core_a-D-GalpNAc_C,OC,495,,active,NE,NE,,0
3812,O-glycan_core_a-D-GalpNAc_C,OC,496,,active,NE,NE,,0
3813,O-glycan_core_a-D-GalpNAc_C,OC,497,,active,NE,NE,,0
3814,O-glycan_core_a-D-GalpNAc_C,OC,498,,active,NE,NE,,0
3815,O-glycan_core_a-D-GalpNAc_C,OC,499,,active,NE,NE,,0
3817,O-glycan_core_a-D-GalpNAc_C,OC,500,,active,NE,NE,,0
3818,O-glycan_core_a-D-GalpNAc_C,OC,501,,active,NE,NE,,0
3819,O-glycan_core_a-D-GalpNAc_C,OC,502,,active,NE,NE,,0
3820,O-glycan_core_a-D-GalpNAc_C,OC,503,,active,NE,NE,,0
3821,O-glycan_core_a-D-GalpNAc_C,OC,504,,active,NE,NE,,0
3822,O-glycan_core_a-D-GalpNAc_C,OC,505,,active,NE,NE,,0
3823,O-glycan_core_a-D-GalpNAc_C,OC,506,,active,NE,NE,,0
3824,O-glycan_core_a-D-GalpNAc_C,OC,507,,active,NE,NE,,0
3825,O-glycan_core_a-D-GalpNAc_C,OC,508,,active,NE,NE,,0
3826,O-glycan_core_a-D-GalpNAc_C,OC,509,,active,NE,NE,,0
3828,O-glycan_core_a-D-GalpNAc_C,OC,510,,active,NE,NE,,0
3829,O-glycan_core_a-D-GalpNAc_C,OC,511,,active,NE,NE,,0
3830,O-glycan_core_a-D-GalpNAc_C,OC,512,,active,NE,NE,,0
3831,O-glycan_core_a-D-GalpNAc_C,OC,513,,active,NE,NE,,0
3832,O-glycan_core_a-D-GalpNAc_C,OC,514,,active,NE,NE,,0
3833,O-glycan_core_a-D-GalpNAc_C,OC,515,,active,NE,NE,,0
3834,O-glycan_core_a-D-GalpNAc_C,OC,516,,active,NE,NE,,0
3835,O-glycan_core_a-D-GalpNAc_C,OC,517,,active,NE,NE,,0
3836,O-glycan_core_a-D-GalpNAc_C,OC,518,,active,NE,NE,,0
3838,O-glycan_b-D-GlcpNAc_645,O645,519,,active,NE,NE,,0
3840,N-glycan_b-D-GlcpNAc_351,N351,519,,active,NE,NE,,0
3842,N-glycan_b-D-GlcpNAc_249,N249,519,,active,NE,NE,,0
3844,N-glycan_b-D-GlcpNAc_427,N427,519,,active,NE,NE,,0
3846,O-glycan_b-D-GlcpNAc_619,O619,519,,active,NE,NE,,0
3848,O-glycan_b-D-GlcpNAc_538,O538,519,,active,NE,NE,,0
3850,O-glycan_b-D-GlcpNAc_157,O157,519,,active,NE,NE,,0
3852,O-glycan_b-D-GlcpNAc_678,O678,519,,active,NE,NE,,0
3854,O-glycan_b-D-GlcpNAc_673,O673,519,,active,NE,NE,,0
3855,O-glycan_b-D-GlcpNAc_645,O645,520,,active,NE,NE,,0
3856,N-glycan_b-D-GlcpNAc_351,N351,520,,active,NE,NE,,0
3857,N-glycan_b-D-GlcpNAc_249,N249,520,,active,NE,NE,,0
3858,N-glycan_b-D-GlcpNAc_427,N427,520,,active,NE,NE,,0
3859,O-glycan_b-D-GlcpNAc_619,O619,520,,active,NE,NE,,0
3860,O-glycan_b-D-GlcpNAc_538,O538,520,,active,NE,NE,,0
3861,O-glycan_b-D-GlcpNAc_157,O157,520,,active,NE,NE,,0
3862,O-glycan_b-D-GlcpNAc_678,O678,520,,active,NE,NE,,0
3863,O-glycan_b-D-GlcpNAc_673,O673,520,,active,NE,NE,,0
3864,O-glycan_b-D-GlcpNAc_157,O157,521,,active,NE,NE,,0
3865,O-glycan_b-D-GlcpNAc_619,O619,521,,active,NE,NE,,0
3866,O-glycan_b-D-GlcpNAc_678,O678,521,,active,NE,NE,,0
3867,N-glycan_b-D-GlcpNAc_249,N249,521,,active,NE,NE,,0
3868,O-glycan_b-D-GlcpNAc_673,O673,521,,active,NE,NE,,0
3869,N-glycan_b-D-GlcpNAc_427,N427,521,,active,NE,NE,,0
3870,O-glycan_b-D-GlcpNAc_645,O645,521,,active,NE,NE,,0
3871,N-glycan_b-D-GlcpNAc_351,N351,521,,active,NE,NE,,0
3872,O-glycan_b-D-GlcpNAc_538,O538,521,,active,NE,NE,,0
3874,O-glycan_b-D-GlcpNAc_157,O157,522,,active,NE,NE,,0
3876,O-glycan_b-D-GlcpNAc_619,O619,522,,active,NE,NE,,0
3878,O-glycan_b-D-GlcpNAc_678,O678,522,,active,NE,NE,,0
3880,N-glycan_b-D-GlcpNAc_249,N249,522,,active,NE,NE,,0
3882,O-glycan_b-D-GlcpNAc_673,O673,522,,active,NE,NE,,0
3884,N-glycan_b-D-GlcpNAc_427,N427,522,,active,NE,NE,,0
3886,O-glycan_b-D-GlcpNAc_645,O645,522,,active,NE,NE,,0
3888,N-glycan_b-D-GlcpNAc_351,N351,522,,active,NE,NE,,0
3890,O-glycan_b-D-GlcpNAc_538,O538,522,,active,NE,NE,,0
3891,O-glycan_b-D-GlcpNAc_645,O645,523,,active,NE,NE,,0
3892,O-glycan_b-D-GlcpNAc_538,O538,523,,active,NE,NE,,0
3893,N-glycan_b-D-GlcpNAc_351,N351,523,,active,NE,NE,,0
3894,O-glycan_b-D-GlcpNAc_157,O157,523,,active,NE,NE,,0
3895,O-glycan_b-D-GlcpNAc_619,O619,523,,active,NE,NE,,0
3896,O-glycan_b-D-GlcpNAc_678,O678,523,,active,NE,NE,,0
3897,N-glycan_b-D-GlcpNAc_249,N249,523,,active,NE,NE,,0
3898,O-glycan_b-D-GlcpNAc_673,O673,523,,active,NE,NE,,0
3899,N-glycan_b-D-GlcpNAc_427,N427,523,,active,NE,NE,,0
3900,O-glycan_b-D-GlcpNAc_645,O645,524,,active,NE,NE,,0
3901,O-glycan_b-D-GlcpNAc_538,O538,524,,active,NE,NE,,0
3902,N-glycan_b-D-GlcpNAc_351,N351,524,,active,NE,NE,,0
3903,O-glycan_b-D-GlcpNAc_157,O157,524,,active,NE,NE,,0
3904,O-glycan_b-D-GlcpNAc_619,O619,524,,active,NE,NE,,0
3905,O-glycan_b-D-GlcpNAc_678,O678,524,,active,NE,NE,,0
3906,N-glycan_b-D-GlcpNAc_249,N249,524,,active,NE,NE,,0
3907,O-glycan_b-D-GlcpNAc_673,O673,524,,active,NE,NE,,0
3908,N-glycan_b-D-GlcpNAc_427,N427,524,,active,NE,NE,,0
3909,O-glycan_a-D-Galp_560,O560,525,,proposed,NE,NE,,0
3910,N-glycan_a-D-Galp_52,N52,525,,proposed,NE,NE,,0
3911,N-glycan_a-D-Galp_331,N331,525,,proposed,NE,NE,,0
3912,N-glycan_a-D-Galp_50,N50,525,,proposed,NE,NE,,0
3913,N-glycan_a-D-Galp_39,N39,525,,proposed,NE,NE,,0
3914,N-glycan_a-D-Galp_51,N51,525,,proposed,NE,NE,,0
3915,O-glycan_a-D-Galp_759,O759,525,,active,NE,NE,,0
3916,O-glycan_a-D-Galp_557,O557,525,,proposed,NE,NE,,0
3917,O-glycan_a-D-Galp_570,O570,525,,proposed,NE,NE,,0
3918,N-glycan_a-D-Galp_114,N114,525,,proposed,NE,NE,,0
3919,O-glycan_a-D-Galp_568,O568,525,,proposed,NE,NE,,0
3920,N-glycan_a-D-Galp_115,N115,525,,proposed,NE,NE,,0
3921,N-glycan_a-D-Galp_309,N309,525,,proposed,NE,NE,,0
3922,O-glycan_a-D-Galp_560,O560,526,,proposed,NE,NE,,0
3923,N-glycan_a-D-Galp_52,N52,526,,proposed,NE,NE,,0
3924,N-glycan_a-D-Galp_331,N331,526,,proposed,NE,NE,,0
3925,N-glycan_a-D-Galp_50,N50,526,,proposed,NE,NE,,0
3926,N-glycan_a-D-Galp_39,N39,526,,proposed,NE,NE,,0
3927,N-glycan_a-D-Galp_51,N51,526,,proposed,NE,NE,,0
3928,O-glycan_a-D-Galp_759,O759,526,,active,NE,NE,,0
3929,O-glycan_a-D-Galp_557,O557,526,,proposed,NE,NE,,0
3930,O-glycan_a-D-Galp_570,O570,526,,proposed,NE,NE,,0
3931,N-glycan_a-D-Galp_114,N114,526,,proposed,NE,NE,,0
3932,O-glycan_a-D-Galp_568,O568,526,,proposed,NE,NE,,0
3933,N-glycan_a-D-Galp_115,N115,526,,proposed,NE,NE,,0
3934,N-glycan_a-D-Galp_309,N309,526,,proposed,NE,NE,,0
3935,O-glycan_a-D-Xylp_804,O804,527,,active,NE,NE,,0
3936,O-glycan_a-D-Xylp_804,O804,528,,active,NE,NE,,0
3937,O-glycan_a-D-Xylp_804,O804,529,,active,NE,NE,,0
3938,O-glycan_a-D-Xylp_804,O804,530,,active,NE,NE,,0
3939,O-glycan_b-D-GlcpNAc_801,O801,531,,active,NE,NE,,0
3940,O-glycan_b-D-GlcpNAc_801,O801,532,,active,NE,NE,,0
3941,O-glycan_b-D-GlcpNAc_801,O801,533,,active,NE,NE,,0
3942,O-glycan_b-D-GlcpNAc_801,O801,534,,active,NE,NE,,0
3943,N-glycan_b-D-GlcpNAc_2,N2,535,,active,NE,NE,,0
3944,N-glycan_b-D-GlcpNAc_2,N2,536,,active,NE,NE,,0
3945,N-glycan_b-D-GlcpNAc_5,N5,537,,active,NE,NE,,0
3947,N-glycan_b-D-GlcpNAc_5,N5,538,,active,NE,NE,,0
3948,N-glycan_b-D-GlcpNAc_11,N11,539,,active,NE,NE,,0
3949,N-glycan_b-D-GlcpNAc_11,N11,540,,active,NE,NE,,0
3950,N-glycan_b-D-GlcpNAc_7,N7,541,,active,NE,NE,,0
3952,N-glycan_b-D-GlcpNAc_7,N7,542,,active,NE,NE,,0
3953,N-glycan_b-D-GlcpNAc_7,N7,543,,active,NE,NE,,0
3954,N-glycan_b-D-GlcpNAc_7,N7,544,,active,NE,NE,,0
3955,N-glycan_b-D-GlcpNAc_7,N7,545,,active,NE,NE,,0
3957,N-glycan_b-D-GlcpNAc_7,N7,546,,active,NE,NE,,0
3958,N-glycan_b-D-GlcpNAc_9,N9,547,major,active,NE,NE,,0
3959,N-glycan_b-D-GlcpNAc_9,N9,548,major,active,NE,NE,,0
3960,N-glycan_b-D-GlcpNAc_9,N9,549,minor?,active,NE,NE,,0
3961,O-glycan_b-D-GlcpNAc_807,O807,549,,active,NE,NE,,0
3962,N-glycan_b-D-GlcpNAc_9,N9,550,minor?,active,NE,NE,,0
3963,O-glycan_b-D-GlcpNAc_807,O807,550,,active,NE,NE,,0
3964,O-glycan_core_x-D-GlcxNAc_C2,OC2,553,,active,NE,NE,,0
3966,O-glycan_core_x-D-GlcxNAc_C2,OC2,554,,active,NE,NE,,0
3967,O-glycan_core_x-L-Fucx_C1,OC1,555,,active,NE,NE,,0
3968,O-glycan_core_x-L-Fucx_C1,OC1,556,,active,NE,NE,,0
3969,O-glycan_core_x-L-Fucx_C1,OC1,557,,active,NE,NE,,0
3970,O-glycan_core_x-L-Fucx_C1,OC1,558,,active,NE,NE,,0
3971,O-glycan_core_x-D-Glcx_C3,OC3,559,,active,NE,NE,,0
3972,O-glycan_core_x-D-Glcx_C3,OC3,560,,active,NE,NE,,0
3973,O-glycan_core_x-D-Glcx_C3,OC3,561,,active,NE,NE,,0
3974,O-glycan_core_x-D-Glcx_C3,OC3,562,,active,NE,NE,,0
3975,O-glycan_core_x-D-Glcx_C3,OC3,563,,active,NE,NE,,0
3976,O-glycan_core_x-D-Glcx_C3,OC3,564,,active,NE,NE,,0
3978,O-glycan_b-D-GlcpNAc_806,O806,565,,active,NE,NE,,0
3979,O-glycan_b-D-GlcpNAc_806,O806,566,,active,NE,NE,,0
3980,O-glycan_core_x-D-Manx_C4,OC4,567,,active,NE,NE,,0
3981,O-glycan_core_x-D-Manx_C4,OC4,568,,active,NE,NE,,0
3982,O-glycan_core_x-D-Manx_C4,OC4,569,,active,NE,NE,,0
3983,O-glycan_b-D-GlcpNAc_801,O801,570,,active,NE,NE,,0
3984,O-glycan_b-D-GlcpNAc_801,O801,571,,active,NE,NE,,0
3985,N-glycan_a-L-Fucp_531,N531,572,,active,NE,NE,,0
3986,N-glycan_a-L-Fucp_329,N329,572,,active,NE,NE,,0
3987,N-glycan_a-L-Fucp_328,N328,572,,active,NE,NE,,0
3988,N-glycan_a-L-Fucp_81,N81,572,,active,NE,NE,,0
3989,O-glycan_a-L-Fucp_735,O735,572,,active,NE,NE,,0
3990,N-glycan_a-L-Fucp_200,N200,572,,active,NE,NE,,0
3991,O-glycan_a-L-Fucp_566,O566,572,,active,NE,NE,,0
3992,O-glycan_a-L-Fucp_607,O607,572,,active,NE,NE,,0
3993,N-glycan_a-L-Fucp_71,N71,572,not in human,active,NE,NE,,0
3994,O-glycan_a-L-Fucp_556,O556,572,,active,NE,NE,,0
3995,O-glycan_a-L-Fucp_659,O659,572,,active,NE,NE,,0
3996,O-glycan_a-L-Fucp_660,O660,572,,active,NE,NE,,0
3997,O-glycan_a-L-Fucp_709,O709,572,,active,NE,NE,,0
3998,O-glycan_a-L-Fucp_741,O741,572,,active,NE,NE,,0
3999,O-glycan_a-L-Fucp_683,O683,572,,active,NE,NE,,0
4000,O-glycan_a-L-Fucp_734,O734,572,,active,NE,NE,,0
4001,O-glycan_a-L-Fucp_747,O747,572,,active,NE,NE,,0
4002,O-glycan_a-L-Fucp_167,O167,572,,active,NE,NE,,0
4003,N-glycan_a-L-Fucp_102,N102,572,,active,NE,NE,,0
4004,N-glycan_a-L-Fucp_103,N103,572,,active,NE,NE,,0
4005,N-glycan_a-L-Fucp_53,N53,572,not in human,active,NE,NE,,0
4006,O-glycan_a-L-Fucp_154,O154,572,,active,NE,NE,,0
4007,N-glycan_a-L-Fucp_54,N54,572,not in human,active,NE,NE,,0
4008,O-glycan_a-L-Fucp_726,O726,572,,active,NE,NE,,0
4010,O-glycan_a-D-NeupNAc_590,O590,574,,active,NE,NE,,0
4012,N-glycan_a-D-NeupNAc_312,N312,574,Capping Step 3,active,NE,NE,,0
4014,O-glycan_a-D-NeupNAc_704,O704,574,,active,NE,NE,,0
4016,O-glycan_a-D-NeupNAc_586,O586,574,,active,NE,NE,,0
4018,O-glycan_a-D-NeupNGc_536,O536,574,,active,NE,NE,,0
4020,O-glycan_a-D-NeupNGc_603,O603,574,,active,NE,NE,,0
4022,O-glycan_a-D-NeupNAc_812,O812,574,,active,NE,NE,,0
4024,O-glycan_a-D-NeupNAc_813,O813,574,,active,NE,NE,,0
4026,N-glycan_a-D-NeupNAc_271,N271,574,,active,NE,NE,,0
4028,O-glycan_a-D-NeupNAc_727,O727,574,,active,NE,NE,,0
4030,N-glycan_a-D-NeupNAc_272,N272,574,,active,NE,NE,,0
4032,N-glycan_a-D-NeupNGc_424,N424,574,,active,NE,NE,,0
4034,O-glycan_a-D-NeupNAc_159,O159,574,,active,NE,NE,,0
4036,O-glycan_a-D-NeupNAc_587,O587,574,,active,NE,NE,,0
4038,O-glycan_a-D-NeupNAc_168,O168,574,,active,NE,NE,,0
4040,O-glycan_a-D-NeupNAc_761,O761,574,,active,NE,NE,,0
4042,N-glycan_a-D-NeupNAc_401,N401,574,,active,NE,NE,,0
4044,O-glycan_a-D-NeupNGc_623,O623,574,,active,NE,NE,,0
4046,O-glycan_a-D-NeupNAc_703,O703,574,,active,NE,NE,,0
4047,O-glycan_a-D-NeupNGc_603,O603,575,,active,NE,NE,,0
4048,O-glycan_a-D-NeupNGc_623,O623,575,,active,NE,NE,,0
4049,O-glycan_a-D-NeupNAc_703,O703,575,,active,NE,NE,,0
4050,O-glycan_a-D-NeupNAc_590,O590,575,,active,NE,NE,,0
4051,N-glycan_a-D-NeupNAc_312,N312,575,Capping Step 3,active,NE,NE,,0
4052,O-glycan_a-D-NeupNAc_704,O704,575,,active,NE,NE,,0
4053,O-glycan_a-D-NeupNAc_586,O586,575,,active,NE,NE,,0
4054,N-glycan_a-D-NeupNAc_271,N271,575,,active,NE,NE,,0
4055,O-glycan_a-D-NeupNAc_727,O727,575,,active,NE,NE,,0
4056,O-glycan_a-D-NeupNAc_159,O159,575,,active,NE,NE,,0
4057,N-glycan_a-D-NeupNAc_272,N272,575,,active,NE,NE,,0
4058,N-glycan_a-D-NeupNGc_424,N424,575,,active,NE,NE,,0
4059,O-glycan_a-D-NeupNAc_587,O587,575,,active,NE,NE,,0
4060,N-glycan_a-D-NeupNAc_401,N401,575,,active,NE,NE,,0
4061,O-glycan_a-D-NeupNAc_761,O761,575,,active,NE,NE,,0
4062,O-glycan_a-D-NeupNGc_603,O603,576,,active,NE,NE,,0
4063,O-glycan_a-D-NeupNGc_623,O623,576,,active,NE,NE,,0
4064,O-glycan_a-D-NeupNAc_703,O703,576,,active,NE,NE,,0
4065,O-glycan_a-D-NeupNAc_590,O590,576,,active,NE,NE,,0
4066,N-glycan_a-D-NeupNAc_312,N312,576,Capping Step 3,active,NE,NE,,0
4067,O-glycan_a-D-NeupNAc_704,O704,576,,active,NE,NE,,0
4068,O-glycan_a-D-NeupNAc_586,O586,576,,active,NE,NE,,0
4069,N-glycan_a-D-NeupNAc_271,N271,576,,active,NE,NE,,0
4070,O-glycan_a-D-NeupNAc_727,O727,576,,active,NE,NE,,0
4071,O-glycan_a-D-NeupNAc_159,O159,576,,active,NE,NE,,0
4072,N-glycan_a-D-NeupNAc_272,N272,576,,active,NE,NE,,0
4073,N-glycan_a-D-NeupNGc_424,N424,576,,active,NE,NE,,0
4074,O-glycan_a-D-NeupNAc_587,O587,576,,active,NE,NE,,0
4075,N-glycan_a-D-NeupNAc_401,N401,576,,active,NE,NE,,0
4076,O-glycan_a-D-NeupNAc_761,O761,576,,active,NE,NE,,0
4077,O-glycan_a-D-NeupNGc_603,O603,577,,active,NE,NE,,0
4078,O-glycan_a-D-NeupNGc_623,O623,577,,active,NE,NE,,0
4079,O-glycan_a-D-NeupNAc_590,O590,577,,active,NE,NE,,0
4080,O-glycan_a-D-NeupNAc_586,O586,577,,active,NE,NE,,0
4081,O-glycan_a-D-NeupNAc_159,O159,577,,active,NE,NE,,0
4082,N-glycan_a-D-NeupNAc_33,N33,577,major,active,NE,NE,,0
4083,O-glycan_a-D-NeupNAc_587,O587,577,,active,NE,NE,,0
4084,N-glycan_a-D-NeupNAc_17,N17,577,minor (type 1> type2),active,NE,NE,,0
4085,N-glycan_a-D-NeupNAc_106,N106,577,,active,NE,NE,,0
4086,N-glycan_a-D-NeupNAc_34,N34,577,minor (type 1> type2),active,NE,NE,,0
4087,N-glycan_a-D-NeupNAc_38,N38,577,minor (type 1> type2),active,NE,NE,,0
4088,N-glycan_a-D-NeupNAc_16,N16,577,minor (type 1> type2),active,NE,NE,,0
4089,N-glycan_a-D-NeupNGc_130,N130,577,,active,NE,NE,,0
4090,O-glycan_a-D-NeupNAc_704,O704,577,,active,NE,NE,,0
4091,N-glycan_a-D-KDN_121,N121,577,,active,NE,NE,,0
4092,N-glycan_a-D-KDN_122,N122,577,,active,NE,NE,,0
4093,N-glycan_a-D-NeupNAc_46,N46,577,minor (type 1> type2),active,NE,NE,,0
4094,N-glycan_a-D-KDN_125,N125,577,,active,NE,NE,,0
4095,N-glycan_a-D-NeupNGc_55,N55,577,minor (type 1> type2),active,NE,NE,,0
4096,N-glycan_a-D-NeupNGc_56,N56,577,minor (type 1> type2),active,NE,NE,,0
4097,N-glycan_a-D-KDN_133,N133,577,,active,NE,NE,,0
4098,N-glycan_a-D-NeupNGc_57,N57,577,minor (type 1> type2),active,NE,NE,,0
4099,N-glycan_a-D-KDN_136,N136,577,,active,NE,NE,,0
4100,N-glycan_a-D-NeupNAc_105,N105,577,,active,NE,NE,,0
4101,N-glycan_a-D-KDN_138,N138,577,,active,NE,NE,,0
4102,N-glycan_a-D-NeupNAc_58,N58,577,minor (type 1> type2),active,NE,NE,,0
4103,N-glycan_a-D-KDN_139,N139,577,,active,NE,NE,,0
4104,N-glycan_a-D-NeupNAc_61,N61,577,minor (type 1> type2),active,NE,NE,,0
4105,N-glycan_a-D-KDN_141,N141,577,,active,NE,NE,,0
4106,N-glycan_a-D-NeupNAc_64,N64,577,minor (type 1> type2),active,NE,NE,,0
4107,N-glycan_a-D-KDN_145,N145,577,,active,NE,NE,,0
4108,O-glycan_a-D-NeupNAc_703,O703,577,,active,NE,NE,,0
4109,N-glycan_a-D-NeupNAc_73,N73,577,minor (type 1> type2),active,NE,NE,,0
4110,N-glycan_a-D-NeupNAc_101,N101,577,minor (type 1> type2),active,NE,NE,,0
4111,N-glycan_a-D-NeupNAc_271,N271,577,,active,NE,NE,,0
4112,N-glycan_a-D-NeupNAc_272,N272,577,,active,NE,NE,,0
4113,N-glycan_a-D-NeupNAc_411,N411,577,,active,NE,NE,,0
4114,N-glycan_a-D-NeupNAc_401,N401,577,,active,NE,NE,,0
4115,N-glycan_a-D-NeupNGc_132,N132,577,,active,NE,NE,,0
4116,N-glycan_a-D-NeupNAc_312,N312,577,Capping Step 3,active,NE,NE,,0
4117,N-glycan_a-D-NeupNGc_382,N382,577,,active,NE,NE,,0
4118,N-glycan_a-D-NeupNGc_137,N137,577,,active,NE,NE,,0
4119,O-glycan_a-D-NeupNAc_727,O727,577,,active,NE,NE,,0
4120,N-glycan_a-D-NeupNGc_424,N424,577,,active,NE,NE,,0
4121,N-glycan_a-D-NeupNGc_140,N140,577,,active,NE,NE,,0
4122,N-glycan_a-D-NeupNGc_135,N135,577,,active,NE,NE,,0
4123,N-glycan_a-D-NeupNGc_144,N144,577,,active,NE,NE,,0
4124,O-glycan_a-D-NeupNAc_761,O761,577,,active,NE,NE,,0
4125,O-glycan_a-D-NeupNGc_603,O603,578,,active,NE,NE,,0
4126,O-glycan_a-D-NeupNGc_623,O623,578,,active,NE,NE,,0
4127,O-glycan_a-D-NeupNAc_590,O590,578,,active,NE,NE,,0
4128,O-glycan_a-D-NeupNAc_586,O586,578,,active,NE,NE,,0
4129,O-glycan_a-D-NeupNAc_159,O159,578,,active,NE,NE,,0
4130,N-glycan_a-D-NeupNAc_33,N33,578,major,active,NE,NE,,0
4131,O-glycan_a-D-NeupNAc_587,O587,578,,active,NE,NE,,0
4132,N-glycan_a-D-NeupNAc_17,N17,578,minor (type 1> type2),active,NE,NE,,0
4133,N-glycan_a-D-NeupNAc_106,N106,578,,active,NE,NE,,0
4134,N-glycan_a-D-NeupNAc_34,N34,578,minor (type 1> type2),active,NE,NE,,0
4135,N-glycan_a-D-NeupNAc_38,N38,578,minor (type 1> type2),active,NE,NE,,0
4136,N-glycan_a-D-NeupNAc_16,N16,578,minor (type 1> type2),active,NE,NE,,0
4137,N-glycan_a-D-NeupNGc_130,N130,578,,active,NE,NE,,0
4138,O-glycan_a-D-NeupNAc_704,O704,578,,active,NE,NE,,0
4139,N-glycan_a-D-KDN_121,N121,578,,active,NE,NE,,0
4140,N-glycan_a-D-KDN_122,N122,578,,active,NE,NE,,0
4141,N-glycan_a-D-NeupNAc_46,N46,578,minor (type 1> type2),active,NE,NE,,0
4142,N-glycan_a-D-KDN_125,N125,578,,active,NE,NE,,0
4143,N-glycan_a-D-NeupNGc_55,N55,578,minor (type 1> type2),active,NE,NE,,0
4144,N-glycan_a-D-NeupNGc_56,N56,578,minor (type 1> type2),active,NE,NE,,0
4145,N-glycan_a-D-KDN_133,N133,578,,active,NE,NE,,0
4146,N-glycan_a-D-NeupNGc_57,N57,578,minor (type 1> type2),active,NE,NE,,0
4147,N-glycan_a-D-KDN_136,N136,578,,active,NE,NE,,0
4148,N-glycan_a-D-NeupNAc_105,N105,578,,active,NE,NE,,0
4149,N-glycan_a-D-KDN_138,N138,578,,active,NE,NE,,0
4150,N-glycan_a-D-NeupNAc_58,N58,578,minor (type 1> type2),active,NE,NE,,0
4151,N-glycan_a-D-KDN_139,N139,578,,active,NE,NE,,0
4152,N-glycan_a-D-NeupNAc_61,N61,578,minor (type 1> type2),active,NE,NE,,0
4153,N-glycan_a-D-KDN_141,N141,578,,active,NE,NE,,0
4154,N-glycan_a-D-NeupNAc_64,N64,578,minor (type 1> type2),active,NE,NE,,0
4155,N-glycan_a-D-KDN_145,N145,578,,active,NE,NE,,0
4156,O-glycan_a-D-NeupNAc_703,O703,578,,active,NE,NE,,0
4157,N-glycan_a-D-NeupNAc_73,N73,578,minor (type 1> type2),active,NE,NE,,0
4158,N-glycan_a-D-NeupNAc_101,N101,578,minor (type 1> type2),active,NE,NE,,0
4159,N-glycan_a-D-NeupNAc_271,N271,578,,active,NE,NE,,0
4160,N-glycan_a-D-NeupNAc_272,N272,578,,active,NE,NE,,0
4161,N-glycan_a-D-NeupNAc_411,N411,578,,active,NE,NE,,0
4162,N-glycan_a-D-NeupNAc_401,N401,578,,active,NE,NE,,0
4163,N-glycan_a-D-NeupNGc_132,N132,578,,active,NE,NE,,0
4164,N-glycan_a-D-NeupNAc_312,N312,578,Capping Step 3,active,NE,NE,,0
4165,N-glycan_a-D-NeupNGc_382,N382,578,,active,NE,NE,,0
4166,N-glycan_a-D-NeupNGc_137,N137,578,,active,NE,NE,,0
4167,O-glycan_a-D-NeupNAc_727,O727,578,,active,NE,NE,,0
4168,N-glycan_a-D-NeupNGc_424,N424,578,,active,NE,NE,,0
4169,N-glycan_a-D-NeupNGc_140,N140,578,,active,NE,NE,,0
4170,N-glycan_a-D-NeupNGc_135,N135,578,,active,NE,NE,,0
4171,N-glycan_a-D-NeupNGc_144,N144,578,,active,NE,NE,,0
4172,O-glycan_a-D-NeupNAc_761,O761,578,,active,NE,NE,,0
4173,O-glycan_a-D-NeupNGc_603,O603,579,,active,NE,NE,,0
4174,O-glycan_a-D-NeupNGc_623,O623,579,,active,NE,NE,,0
4175,N-glycan_a-D-NeupNAc_105,N105,579,,active,NE,NE,,0
4176,N-glycan_a-D-NeupNAc_401,N401,579,,active,NE,NE,,0
4177,N-glycan_a-D-KDN_138,N138,579,,active,NE,NE,,0
4178,N-glycan_a-D-NeupNAc_58,N58,579,type 2> type1,active,NE,NE,,0
4179,N-glycan_a-D-NeupNAc_17,N17,579,type 2> type1,active,NE,NE,,0
4180,O-glycan_a-D-NeupNAc_590,O590,579,,active,NE,NE,,0
4181,N-glycan_a-D-NeupNAc_106,N106,579,,active,NE,NE,,0
4182,N-glycan_a-D-KDN_139,N139,579,,active,NE,NE,,0
4183,N-glycan_a-D-NeupNAc_61,N61,579,type 2> type1,active,NE,NE,,0
4184,N-glycan_a-D-NeupNAc_34,N34,579,type 2> type1,active,NE,NE,,0
4185,N-glycan_a-D-KDN_141,N141,579,,active,NE,NE,,0
4186,N-glycan_a-D-NeupNAc_64,N64,579,type 2> type1,active,NE,NE,,0
4187,N-glycan_a-D-NeupNAc_38,N38,579,type 2> type1,active,NE,NE,,0
4188,N-glycan_a-D-KDN_145,N145,579,,active,NE,NE,,0
4189,N-glycan_a-D-NeupNAc_16,N16,579,type 2> type1,active,NE,NE,,0
4190,O-glycan_a-D-NeupNAc_586,O586,579,,active,NE,NE,,0
4191,O-glycan_a-D-NeupNAc_703,O703,579,,active,NE,NE,,0
4192,N-glycan_a-D-NeupNAc_73,N73,579,type 2> type1,active,NE,NE,,0
4193,N-glycan_a-D-NeupNGc_132,N132,579,,active,NE,NE,,0
4194,N-glycan_a-D-NeupNAc_312,N312,579,Capping Step 3,active,NE,NE,,0
4195,N-glycan_a-D-NeupNAc_101,N101,579,type 2> type1,active,NE,NE,,0
4196,N-glycan_a-D-NeupNGc_382,N382,579,,active,NE,NE,,0
4197,N-glycan_a-D-NeupNGc_130,N130,579,,active,NE,NE,,0
4198,O-glycan_a-D-NeupNAc_704,O704,579,,active,NE,NE,,0
4199,N-glycan_a-D-NeupNGc_137,N137,579,,active,NE,NE,,0
4200,N-glycan_a-D-NeupNAc_271,N271,579,,active,NE,NE,,0
4201,O-glycan_a-D-NeupNAc_727,O727,579,,active,NE,NE,,0
4202,O-glycan_a-D-NeupNAc_159,O159,579,,active,NE,NE,,0
4203,N-glycan_a-D-NeupNAc_33,N33,579,minor,active,NE,NE,,0
4204,N-glycan_a-D-KDN_121,N121,579,,active,NE,NE,,0
4205,N-glycan_a-D-NeupNAc_272,N272,579,,active,NE,NE,,0
4206,N-glycan_a-D-KDN_122,N122,579,,active,NE,NE,,0
4207,N-glycan_a-D-NeupNGc_424,N424,579,,active,NE,NE,,0
4208,N-glycan_a-D-NeupNAc_411,N411,579,,active,NE,NE,,0
4209,N-glycan_a-D-NeupNGc_140,N140,579,,active,NE,NE,,0
4210,N-glycan_a-D-NeupNAc_46,N46,579,type 2> type1,active,NE,NE,,0
4211,N-glycan_a-D-NeupNGc_135,N135,579,,active,NE,NE,,0
4212,O-glycan_a-D-NeupNAc_587,O587,579,,active,NE,NE,,0
4213,N-glycan_a-D-NeupNGc_144,N144,579,,active,NE,NE,,0
4214,N-glycan_a-D-KDN_125,N125,579,,active,NE,NE,,0
4215,N-glycan_a-D-NeupNGc_55,N55,579,type 2> type1,active,NE,NE,,0
4216,N-glycan_a-D-NeupNGc_57,N57,579,type 2> type1,active,NE,NE,,0
4217,N-glycan_a-D-NeupNGc_56,N56,579,type 2> type1,active,NE,NE,,0
4218,N-glycan_a-D-KDN_133,N133,579,,active,NE,NE,,0
4219,O-glycan_a-D-NeupNAc_761,O761,579,,active,NE,NE,,0
4220,N-glycan_a-D-KDN_136,N136,579,,active,NE,NE,,0
4221,O-glycan_a-D-NeupNGc_603,O603,580,,active,NE,NE,,0
4222,O-glycan_a-D-NeupNGc_623,O623,580,,active,NE,NE,,0
4223,N-glycan_a-D-NeupNAc_105,N105,580,,active,NE,NE,,0
4224,N-glycan_a-D-NeupNAc_401,N401,580,,active,NE,NE,,0
4225,N-glycan_a-D-KDN_138,N138,580,,active,NE,NE,,0
4226,N-glycan_a-D-NeupNAc_58,N58,580,type 2> type1,active,NE,NE,,0
4227,N-glycan_a-D-NeupNAc_17,N17,580,type 2> type1,active,NE,NE,,0
4228,O-glycan_a-D-NeupNAc_590,O590,580,,active,NE,NE,,0
4229,N-glycan_a-D-NeupNAc_106,N106,580,,active,NE,NE,,0
4230,N-glycan_a-D-KDN_139,N139,580,,active,NE,NE,,0
4231,N-glycan_a-D-NeupNAc_61,N61,580,type 2> type1,active,NE,NE,,0
4232,N-glycan_a-D-NeupNAc_34,N34,580,type 2> type1,active,NE,NE,,0
4233,N-glycan_a-D-KDN_141,N141,580,,active,NE,NE,,0
4234,N-glycan_a-D-NeupNAc_64,N64,580,type 2> type1,active,NE,NE,,0
4235,N-glycan_a-D-NeupNAc_38,N38,580,type 2> type1,active,NE,NE,,0
4236,N-glycan_a-D-KDN_145,N145,580,,active,NE,NE,,0
4237,N-glycan_a-D-NeupNAc_16,N16,580,type 2> type1,active,NE,NE,,0
4238,O-glycan_a-D-NeupNAc_586,O586,580,,active,NE,NE,,0
4239,O-glycan_a-D-NeupNAc_703,O703,580,,active,NE,NE,,0
4240,N-glycan_a-D-NeupNAc_73,N73,580,type 2> type1,active,NE,NE,,0
4241,N-glycan_a-D-NeupNGc_132,N132,580,,active,NE,NE,,0
4242,N-glycan_a-D-NeupNAc_312,N312,580,Capping Step 3,active,NE,NE,,0
4243,N-glycan_a-D-NeupNAc_101,N101,580,type 2> type1,active,NE,NE,,0
4244,N-glycan_a-D-NeupNGc_382,N382,580,,active,NE,NE,,0
4245,N-glycan_a-D-NeupNGc_130,N130,580,,active,NE,NE,,0
4246,O-glycan_a-D-NeupNAc_704,O704,580,,active,NE,NE,,0
4247,N-glycan_a-D-NeupNGc_137,N137,580,,active,NE,NE,,0
4248,N-glycan_a-D-NeupNAc_271,N271,580,,active,NE,NE,,0
4249,O-glycan_a-D-NeupNAc_727,O727,580,,active,NE,NE,,0
4250,O-glycan_a-D-NeupNAc_159,O159,580,,active,NE,NE,,0
4251,N-glycan_a-D-NeupNAc_33,N33,580,minor,active,NE,NE,,0
4252,N-glycan_a-D-KDN_121,N121,580,,active,NE,NE,,0
4253,N-glycan_a-D-NeupNAc_272,N272,580,,active,NE,NE,,0
4254,N-glycan_a-D-KDN_122,N122,580,,active,NE,NE,,0
4255,N-glycan_a-D-NeupNGc_424,N424,580,,active,NE,NE,,0
4256,N-glycan_a-D-NeupNAc_411,N411,580,,active,NE,NE,,0
4257,N-glycan_a-D-NeupNGc_140,N140,580,,active,NE,NE,,0
4258,N-glycan_a-D-NeupNAc_46,N46,580,type 2> type1,active,NE,NE,,0
4259,N-glycan_a-D-NeupNGc_135,N135,580,,active,NE,NE,,0
4260,O-glycan_a-D-NeupNAc_587,O587,580,,active,NE,NE,,0
4261,N-glycan_a-D-NeupNGc_144,N144,580,,active,NE,NE,,0
4262,N-glycan_a-D-KDN_125,N125,580,,active,NE,NE,,0
4263,N-glycan_a-D-NeupNGc_55,N55,580,type 2> type1,active,NE,NE,,0
4264,N-glycan_a-D-NeupNGc_57,N57,580,type 2> type1,active,NE,NE,,0
4265,N-glycan_a-D-NeupNGc_56,N56,580,type 2> type1,active,NE,NE,,0
4266,N-glycan_a-D-KDN_133,N133,580,,active,NE,NE,,0
4267,O-glycan_a-D-NeupNAc_761,O761,580,,active,NE,NE,,0
4268,N-glycan_a-D-KDN_136,N136,580,,active,NE,NE,,0
4270,N-glycan_a-D-NeupNAc_401,N401,581,,active,NE,NE,,0
4272,O-glycan_a-D-NeupNGc_603,O603,581,,active,NE,NE,,0
4274,O-glycan_a-D-NeupNGc_623,O623,581,,active,NE,NE,,0
4276,O-glycan_a-D-NeupNAc_703,O703,581,,active,NE,NE,,0
4278,O-glycan_a-D-NeupNAc_590,O590,581,,active,NE,NE,,0
4280,N-glycan_a-D-NeupNAc_312,N312,581,Capping Step 3,active,NE,NE,,0
4282,O-glycan_a-D-NeupNAc_704,O704,581,,active,NE,NE,,0
4284,O-glycan_a-D-NeupNAc_586,O586,581,,active,NE,NE,,0
4286,N-glycan_a-D-NeupNAc_271,N271,581,,active,NE,NE,,0
4288,O-glycan_a-D-NeupNAc_727,O727,581,,active,NE,NE,,0
4290,O-glycan_a-D-NeupNAc_159,O159,581,,active,NE,NE,,0
4292,N-glycan_a-D-NeupNAc_272,N272,581,,active,NE,NE,,0
4294,N-glycan_a-D-NeupNGc_424,N424,581,,active,NE,NE,,0
4296,O-glycan_a-D-NeupNAc_587,O587,581,,active,NE,NE,,0
4298,O-glycan_a-D-NeupNAc_761,O761,581,,active,NE,NE,,0
4299,N-glycan_a-D-NeupNAc_401,N401,582,,active,NE,NE,,0
4300,O-glycan_a-D-NeupNGc_603,O603,582,,active,NE,NE,,0
4301,O-glycan_a-D-NeupNGc_623,O623,582,,active,NE,NE,,0
4302,O-glycan_a-D-NeupNAc_703,O703,582,,active,NE,NE,,0
4303,O-glycan_a-D-NeupNAc_590,O590,582,,active,NE,NE,,0
4304,N-glycan_a-D-NeupNAc_312,N312,582,Capping Step 3,active,NE,NE,,0
4305,O-glycan_a-D-NeupNAc_704,O704,582,,active,NE,NE,,0
4306,O-glycan_a-D-NeupNAc_586,O586,582,,active,NE,NE,,0
4307,N-glycan_a-D-NeupNAc_271,N271,582,,active,NE,NE,,0
4308,O-glycan_a-D-NeupNAc_727,O727,582,,active,NE,NE,,0
4309,O-glycan_a-D-NeupNAc_159,O159,582,,active,NE,NE,,0
4310,N-glycan_a-D-NeupNAc_272,N272,582,,active,NE,NE,,0
4311,N-glycan_a-D-NeupNGc_424,N424,582,,active,NE,NE,,0
4312,O-glycan_a-D-NeupNAc_587,O587,582,,active,NE,NE,,0
4313,O-glycan_a-D-NeupNAc_761,O761,582,,active,NE,NE,,0
4314,O-glycan_a-D-NeupNAc_761,O761,583,,active,NE,NE,,0
4315,O-glycan_a-D-NeupNGc_603,O603,583,,active,NE,NE,,0
4316,O-glycan_a-D-NeupNGc_623,O623,583,,active,NE,NE,,0
4317,O-glycan_a-D-NeupNAc_590,O590,583,,active,NE,NE,,0
4318,O-glycan_a-D-NeupNAc_586,O586,583,,active,NE,NE,,0
4319,N-glycan_a-D-NeupNAc_33,N33,583,minor,active,NE,NE,,0
4320,O-glycan_a-D-NeupNAc_159,O159,583,,active,NE,NE,,0
4321,O-glycan_a-D-NeupNAc_587,O587,583,,active,NE,NE,,0
4322,N-glycan_a-D-KDN_136,N136,583,,active,NE,NE,,0
4323,N-glycan_a-D-NeupNAc_105,N105,583,,active,NE,NE,,0
4324,N-glycan_a-D-NeupNAc_401,N401,583,,active,NE,NE,,0
4325,N-glycan_a-D-KDN_138,N138,583,,active,NE,NE,,0
4326,N-glycan_a-D-NeupNAc_17,N17,583,type 2,active,NE,NE,,0
4327,N-glycan_a-D-NeupNAc_106,N106,583,,active,NE,NE,,0
4328,N-glycan_a-D-NeupNAc_58,N58,583,type 2,active,NE,NE,,0
4329,N-glycan_a-D-NeupNAc_34,N34,583,type 2,active,NE,NE,,0
4330,N-glycan_a-D-KDN_139,N139,583,,active,NE,NE,,0
4331,N-glycan_a-D-NeupNAc_61,N61,583,type 2,active,NE,NE,,0
4332,N-glycan_a-D-NeupNAc_38,N38,583,type 2,active,NE,NE,,0
4333,N-glycan_a-D-KDN_141,N141,583,,active,NE,NE,,0
4334,N-glycan_a-D-NeupNAc_64,N64,583,type 2,active,NE,NE,,0
4335,N-glycan_a-D-NeupNAc_16,N16,583,type 2,active,NE,NE,,0
4336,N-glycan_a-D-KDN_145,N145,583,,active,NE,NE,,0
4337,N-glycan_a-D-NeupNAc_73,N73,583,type 2,active,NE,NE,,0
4338,O-glycan_a-D-NeupNAc_703,O703,583,,active,NE,NE,,0
4339,N-glycan_a-D-NeupNGc_132,N132,583,,active,NE,NE,,0
4340,N-glycan_a-D-NeupNAc_101,N101,583,type 2,active,NE,NE,,0
4341,N-glycan_a-D-NeupNAc_312,N312,583,Capping Step 3,active,NE,NE,,0
4342,N-glycan_a-D-NeupNGc_382,N382,583,,active,NE,NE,,0
4343,N-glycan_a-D-NeupNGc_130,N130,583,,active,NE,NE,,0
4344,O-glycan_a-D-NeupNAc_704,O704,583,,active,NE,NE,,0
4345,N-glycan_a-D-NeupNGc_137,N137,583,,active,NE,NE,,0
4346,N-glycan_a-D-NeupNAc_271,N271,583,,active,NE,NE,,0
4347,N-glycan_a-D-KDN_121,N121,583,,active,NE,NE,,0
4348,O-glycan_a-D-NeupNAc_727,O727,583,,active,NE,NE,,0
4349,N-glycan_a-D-KDN_122,N122,583,,active,NE,NE,,0
4350,N-glycan_a-D-NeupNAc_272,N272,583,,active,NE,NE,,0
4351,N-glycan_a-D-NeupNGc_424,N424,583,,active,NE,NE,,0
4352,N-glycan_a-D-NeupNAc_46,N46,583,type 2,active,NE,NE,,0
4353,N-glycan_a-D-NeupNGc_135,N135,583,,active,NE,NE,,0
4354,N-glycan_a-D-NeupNGc_144,N144,583,,active,NE,NE,,0
4355,N-glycan_a-D-KDN_125,N125,583,,active,NE,NE,,0
4356,N-glycan_a-D-NeupNGc_55,N55,583,type 2,active,NE,NE,,0
4357,N-glycan_a-D-NeupNGc_56,N56,583,type 2,active,NE,NE,,0
4358,N-glycan_a-D-KDN_133,N133,583,,active,NE,NE,,0
4359,N-glycan_a-D-NeupNGc_57,N57,583,type 2,active,NE,NE,,0
4360,N-glycan_a-D-NeupNAc_411,N411,583,,active,NE,NE,,0
4361,N-glycan_a-D-NeupNGc_140,N140,583,,active,NE,NE,,0
4362,O-glycan_a-D-NeupNAc_761,O761,584,,active,NE,NE,,0
4363,O-glycan_a-D-NeupNGc_603,O603,584,,active,NE,NE,,0
4364,O-glycan_a-D-NeupNGc_623,O623,584,,active,NE,NE,,0
4365,O-glycan_a-D-NeupNAc_590,O590,584,,active,NE,NE,,0
4366,O-glycan_a-D-NeupNAc_586,O586,584,,active,NE,NE,,0
4367,N-glycan_a-D-NeupNAc_33,N33,584,minor,active,NE,NE,,0
4368,O-glycan_a-D-NeupNAc_159,O159,584,,active,NE,NE,,0
4369,O-glycan_a-D-NeupNAc_587,O587,584,,active,NE,NE,,0
4370,N-glycan_a-D-KDN_136,N136,584,,active,NE,NE,,0
4371,N-glycan_a-D-NeupNAc_105,N105,584,,active,NE,NE,,0
4372,N-glycan_a-D-NeupNAc_401,N401,584,,active,NE,NE,,0
4373,N-glycan_a-D-KDN_138,N138,584,,active,NE,NE,,0
4374,N-glycan_a-D-NeupNAc_17,N17,584,type 2,active,NE,NE,,0
4375,N-glycan_a-D-NeupNAc_106,N106,584,,active,NE,NE,,0
4376,N-glycan_a-D-NeupNAc_58,N58,584,type 2,active,NE,NE,,0
4377,N-glycan_a-D-NeupNAc_34,N34,584,type 2,active,NE,NE,,0
4378,N-glycan_a-D-KDN_139,N139,584,,active,NE,NE,,0
4379,N-glycan_a-D-NeupNAc_61,N61,584,type 2,active,NE,NE,,0
4380,N-glycan_a-D-NeupNAc_38,N38,584,type 2,active,NE,NE,,0
4381,N-glycan_a-D-KDN_141,N141,584,,active,NE,NE,,0
4382,N-glycan_a-D-NeupNAc_64,N64,584,type 2,active,NE,NE,,0
4383,N-glycan_a-D-NeupNAc_16,N16,584,type 2,active,NE,NE,,0
4384,N-glycan_a-D-KDN_145,N145,584,,active,NE,NE,,0
4385,N-glycan_a-D-NeupNAc_73,N73,584,type 2,active,NE,NE,,0
4386,O-glycan_a-D-NeupNAc_703,O703,584,,active,NE,NE,,0
4387,N-glycan_a-D-NeupNGc_132,N132,584,,active,NE,NE,,0
4388,N-glycan_a-D-NeupNAc_101,N101,584,type 2,active,NE,NE,,0
4389,N-glycan_a-D-NeupNAc_312,N312,584,Capping Step 3,active,NE,NE,,0
4390,N-glycan_a-D-NeupNGc_382,N382,584,,active,NE,NE,,0
4391,N-glycan_a-D-NeupNGc_130,N130,584,,active,NE,NE,,0
4392,O-glycan_a-D-NeupNAc_704,O704,584,,active,NE,NE,,0
4393,N-glycan_a-D-NeupNGc_137,N137,584,,active,NE,NE,,0
4394,N-glycan_a-D-NeupNAc_271,N271,584,,active,NE,NE,,0
4395,N-glycan_a-D-KDN_121,N121,584,,active,NE,NE,,0
4396,O-glycan_a-D-NeupNAc_727,O727,584,,active,NE,NE,,0
4397,N-glycan_a-D-KDN_122,N122,584,,active,NE,NE,,0
4398,N-glycan_a-D-NeupNAc_272,N272,584,,active,NE,NE,,0
4399,N-glycan_a-D-NeupNGc_424,N424,584,,active,NE,NE,,0
4400,N-glycan_a-D-NeupNAc_46,N46,584,type 2,active,NE,NE,,0
4401,N-glycan_a-D-NeupNGc_135,N135,584,,active,NE,NE,,0
4402,N-glycan_a-D-NeupNGc_144,N144,584,,active,NE,NE,,0
4403,N-glycan_a-D-KDN_125,N125,584,,active,NE,NE,,0
4404,N-glycan_a-D-NeupNGc_55,N55,584,type 2,active,NE,NE,,0
4405,N-glycan_a-D-NeupNGc_56,N56,584,type 2,active,NE,NE,,0
4406,N-glycan_a-D-KDN_133,N133,584,,active,NE,NE,,0
4407,N-glycan_a-D-NeupNGc_57,N57,584,type 2,active,NE,NE,,0
4408,N-glycan_a-D-NeupNAc_411,N411,584,,active,NE,NE,,0
4409,N-glycan_a-D-NeupNGc_140,N140,584,,active,NE,NE,,0
4410,O-glycan_a-D-NeupNGc_604,O604,585,,active,NE,NE,,0
4411,N-glycan_a-D-NeupNAc_12,N12,585,major,active,NE,NE,,0
4412,N-glycan_a-D-NeupNAc_13,N13,585,major,active,NE,NE,,0
4413,N-glycan_a-D-NeupNAc_14,N14,585,major,active,NE,NE,,0
4414,O-glycan_a-D-NeupNAc_588,O588,585,,active,NE,NE,,0
4415,O-glycan_a-D-NeupNAc_803,O803,585,,active,NE,NE,,0
4416,O-glycan_a-D-NeupNAc_580,O580,585,,active,NE,NE,,0
4417,O-glycan_a-D-NeupNAc_745,O745,585,,active,NE,NE,,0
4418,N-glycan_a-D-NeupNAc_35,N35,585,Prefers a3 manose arm over a6,active,NE,NE,,0
4419,N-glycan_a-D-NeupNGc_47,N47,585,Prefers a3 mannose arm over a6 - mouse enzyme utilized CMP-NeuGc 7x faster and CMP-NeuAc in vitro (Hamamoto et al 1995) - unknown preference by human enzyme - low amt of NeuGc in Human glycans as it can't be synthesized by comes from external sources,active,NE,NE,,0
4420,N-glycan_a-D-NeupNGc_126,N126,585,,active,NE,NE,,0
4421,N-glycan_a-D-NeupNGc_48,N48,585,Prefers a3 mannose arm over a6-  mouse enzyme utilized CMP-NeuGc 7x faster and CMP-NeuAc in vitro (Hamamoto et al 1995) unknown preference by human enzyme - low amt of NeuGc in Human glycans as it can't be synthesized by comes from external sources,active,NE,NE,,0
4422,O-glycan_a-D-NeupNAc_728,O728,585,,active,NE,NE,,0
4423,N-glycan_a-D-NeupNGc_49,N49,585,Prefers a3 mannose arm over a6 - mouse enzyme utilized CMP-NeuGc 7x faster and CMP-NeuAc in vitro (Hamamoto et al 1995) unknown preference by human enzyme - low amt of NeuGc in Human glycans as it can't be synthesized by comes from external sources,active,NE,NE,,0
4424,N-glycan_a-D-KDN_120,N120,585,,active,NE,NE,,0
4425,N-glycan_a-D-KDN_134,N134,585,,active,NE,NE,,0
4426,N-glycan_a-D-KDN_127,N127,585,,active,NE,NE,,0
4427,N-glycan_a-D-NeupNAc_222,N222,585,,active,NE,NE,,0
4428,N-glycan_a-D-NeupNAc_100,N100,585,,active,NE,NE,,0
4429,N-glycan_a-D-NeupNAc_268,N268,585,,active,NE,NE,,0
4430,N-glycan_a-D-KDN_143,N143,585,,active,NE,NE,,0
4431,N-glycan_a-D-KDN_131,N131,585,,active,NE,NE,,0
4432,N-glycan_a-D-NeupNAc_233,N233,585,,active,NE,NE,,0
4433,N-glycan_a-D-NeupNGc_142,N142,585,,active,NE,NE,,0
4434,O-glycan_a-D-NeupNAc_719,O719,585,,active,NE,NE,,0
4435,N-glycan_a-D-NeupNAc_379,N379,585,,active,NE,NE,,0
4436,N-glycan_a-D-NeupNAc_290,N290,585,,active,NE,NE,,0
4437,N-glycan_a-D-NeupNAc_410,N410,585,,active,NE,NE,,0
4438,N-glycan_a-D-NeupNAc_412,N412,585,,active,NE,NE,,0
4439,O-glycan_a-D-NeupNGc_604,O604,586,,active,NE,NE,,0
4440,N-glycan_a-D-NeupNAc_12,N12,586,major,active,NE,NE,,0
4441,N-glycan_a-D-NeupNAc_13,N13,586,major,active,NE,NE,,0
4442,N-glycan_a-D-NeupNAc_14,N14,586,major,active,NE,NE,,0
4443,O-glycan_a-D-NeupNAc_588,O588,586,,active,NE,NE,,0
4444,O-glycan_a-D-NeupNAc_803,O803,586,,active,NE,NE,,0
4445,O-glycan_a-D-NeupNAc_580,O580,586,,active,NE,NE,,0
4446,O-glycan_a-D-NeupNAc_745,O745,586,,active,NE,NE,,0
4447,N-glycan_a-D-NeupNAc_35,N35,586,Prefers a3 manose arm over a6,active,NE,NE,,0
4448,N-glycan_a-D-NeupNGc_47,N47,586,Prefers a3 mannose arm over a6 - mouse enzyme utilized CMP-NeuGc 7x faster and CMP-NeuAc in vitro (Hamamoto et al 1995) - unknown preference by human enzyme - low amt of NeuGc in Human glycans as it can't be synthesized by comes from external sources,active,NE,NE,,0
4449,N-glycan_a-D-NeupNGc_126,N126,586,,active,NE,NE,,0
4450,N-glycan_a-D-NeupNGc_48,N48,586,Prefers a3 mannose arm over a6-  mouse enzyme utilized CMP-NeuGc 7x faster and CMP-NeuAc in vitro (Hamamoto et al 1995) unknown preference by human enzyme - low amt of NeuGc in Human glycans as it can't be synthesized by comes from external sources,active,NE,NE,,0
4451,O-glycan_a-D-NeupNAc_728,O728,586,,active,NE,NE,,0
4452,N-glycan_a-D-NeupNGc_49,N49,586,Prefers a3 mannose arm over a6 - mouse enzyme utilized CMP-NeuGc 7x faster and CMP-NeuAc in vitro (Hamamoto et al 1995) unknown preference by human enzyme - low amt of NeuGc in Human glycans as it can't be synthesized by comes from external sources,active,NE,NE,,0
4453,N-glycan_a-D-KDN_120,N120,586,,active,NE,NE,,0
4454,N-glycan_a-D-KDN_134,N134,586,,active,NE,NE,,0
4455,N-glycan_a-D-KDN_127,N127,586,,active,NE,NE,,0
4456,N-glycan_a-D-NeupNAc_222,N222,586,,active,NE,NE,,0
4457,N-glycan_a-D-NeupNAc_100,N100,586,,active,NE,NE,,0
4458,N-glycan_a-D-NeupNAc_268,N268,586,,active,NE,NE,,0
4459,N-glycan_a-D-KDN_143,N143,586,,active,NE,NE,,0
4460,N-glycan_a-D-KDN_131,N131,586,,active,NE,NE,,0
4461,N-glycan_a-D-NeupNAc_233,N233,586,,active,NE,NE,,0
4462,N-glycan_a-D-NeupNGc_142,N142,586,,active,NE,NE,,0
4463,O-glycan_a-D-NeupNAc_719,O719,586,,active,NE,NE,,0
4464,N-glycan_a-D-NeupNAc_379,N379,586,,active,NE,NE,,0
4465,N-glycan_a-D-NeupNAc_290,N290,586,,active,NE,NE,,0
4466,N-glycan_a-D-NeupNAc_410,N410,586,,active,NE,NE,,0
4467,N-glycan_a-D-NeupNAc_412,N412,586,,active,NE,NE,,0
4468,O-glycan_a-D-NeupNGc_604,O604,587,,active,NE,NE,,0
4469,N-glycan_a-D-NeupNAc_268,N268,587,,active,NE,NE,,0
4470,O-glycan_a-D-NeupNAc_745,O745,587,,active,NE,NE,,0
4471,N-glycan_a-D-NeupNAc_233,N233,587,,active,NE,NE,,0
4472,N-glycan_a-D-KDN_143,N143,587,,active,NE,NE,,0
4473,N-glycan_a-D-NeupNAc_35,N35,587,,active,NE,NE,,0
4474,N-glycan_a-D-KDN_131,N131,587,,active,NE,NE,,0
4475,N-glycan_a-D-NeupNGc_142,N142,587,,active,NE,NE,,0
4476,N-glycan_a-D-NeupNGc_47,N47,587,,active,NE,NE,,0
4477,N-glycan_a-D-NeupNGc_126,N126,587,,active,NE,NE,,0
4478,N-glycan_a-D-NeupNGc_48,N48,587,,active,NE,NE,,0
4479,O-glycan_a-D-NeupNAc_728,O728,587,,active,NE,NE,,0
4480,N-glycan_a-D-NeupNGc_49,N49,587,,active,NE,NE,,0
4481,N-glycan_a-D-KDN_120,N120,587,,active,NE,NE,,0
4482,N-glycan_a-D-NeupNAc_12,N12,587,minor,active,NE,NE,,0
4483,N-glycan_a-D-NeupNAc_13,N13,587,minor,active,NE,NE,,0
4484,O-glycan_a-D-NeupNAc_719,O719,587,,active,NE,NE,,0
4485,N-glycan_a-D-KDN_134,N134,587,,active,NE,NE,,0
4486,N-glycan_a-D-NeupNAc_14,N14,587,minor,active,NE,NE,,0
4487,O-glycan_a-D-NeupNAc_588,O588,587,,active,NE,NE,,0
4488,O-glycan_a-D-NeupNAc_803,O803,587,,active,NE,NE,,0
4489,N-glycan_a-D-KDN_127,N127,587,,active,NE,NE,,0
4490,O-glycan_a-D-NeupNAc_580,O580,587,,active,NE,NE,,0
4491,N-glycan_a-D-NeupNAc_379,N379,587,,active,NE,NE,,0
4492,N-glycan_a-D-NeupNAc_290,N290,587,,active,NE,NE,,0
4493,N-glycan_a-D-NeupNAc_410,N410,587,,active,NE,NE,,0
4494,N-glycan_a-D-NeupNAc_412,N412,587,,active,NE,NE,,0
4495,N-glycan_a-D-NeupNAc_222,N222,587,,active,NE,NE,,0
4496,N-glycan_a-D-NeupNAc_100,N100,587,,active,NE,NE,,0
4497,O-glycan_a-D-NeupNGc_604,O604,588,,active,NE,NE,,0
4498,N-glycan_a-D-NeupNAc_268,N268,588,,active,NE,NE,,0
4499,O-glycan_a-D-NeupNAc_745,O745,588,,active,NE,NE,,0
4500,N-glycan_a-D-NeupNAc_233,N233,588,,active,NE,NE,,0
4501,N-glycan_a-D-KDN_143,N143,588,,active,NE,NE,,0
4502,N-glycan_a-D-NeupNAc_35,N35,588,,active,NE,NE,,0
4503,N-glycan_a-D-KDN_131,N131,588,,active,NE,NE,,0
4504,N-glycan_a-D-NeupNGc_142,N142,588,,active,NE,NE,,0
4505,N-glycan_a-D-NeupNGc_47,N47,588,,active,NE,NE,,0
4506,N-glycan_a-D-NeupNGc_126,N126,588,,active,NE,NE,,0
4507,N-glycan_a-D-NeupNGc_48,N48,588,,active,NE,NE,,0
4508,O-glycan_a-D-NeupNAc_728,O728,588,,active,NE,NE,,0
4509,N-glycan_a-D-NeupNGc_49,N49,588,,active,NE,NE,,0
4510,N-glycan_a-D-KDN_120,N120,588,,active,NE,NE,,0
4511,N-glycan_a-D-NeupNAc_12,N12,588,minor,active,NE,NE,,0
4512,N-glycan_a-D-NeupNAc_13,N13,588,minor,active,NE,NE,,0
4513,O-glycan_a-D-NeupNAc_719,O719,588,,active,NE,NE,,0
4514,N-glycan_a-D-KDN_134,N134,588,,active,NE,NE,,0
4515,N-glycan_a-D-NeupNAc_14,N14,588,minor,active,NE,NE,,0
4516,O-glycan_a-D-NeupNAc_588,O588,588,,active,NE,NE,,0
4517,O-glycan_a-D-NeupNAc_803,O803,588,,active,NE,NE,,0
4518,N-glycan_a-D-KDN_127,N127,588,,active,NE,NE,,0
4519,O-glycan_a-D-NeupNAc_580,O580,588,,active,NE,NE,,0
4520,N-glycan_a-D-NeupNAc_379,N379,588,,active,NE,NE,,0
4521,N-glycan_a-D-NeupNAc_290,N290,588,,active,NE,NE,,0
4522,N-glycan_a-D-NeupNAc_410,N410,588,,active,NE,NE,,0
4523,N-glycan_a-D-NeupNAc_412,N412,588,,active,NE,NE,,0
4524,N-glycan_a-D-NeupNAc_222,N222,588,,active,NE,NE,,0
4525,N-glycan_a-D-NeupNAc_100,N100,588,,active,NE,NE,,0
4526,N-glycan_a-D-NeupNAc_96,N96,589,,active,NE,NE,,0
4527,O-glycan_a-D-NeupNAc_760,O760,589,,active,NE,NE,,0
4528,N-glycan_a-D-NeupNGc_146,N146,589,,active,NE,NE,,0
4529,N-glycan_a-D-NeupNGc_128,N128,589,,active,NE,NE,,0
4530,N-glycan_a-D-NeupNAc_349,N349,589,,active,NE,NE,,0
4531,O-glycan_a-D-NeupNAc_535,O535,589,,active,NE,NE,,0
4532,N-glycan_a-D-NeupNAc_69,N69,589,,active,NE,NE,,0
4533,N-glycan_a-D-KDN_124,N124,589,,active,NE,NE,,0
4534,N-glycan_a-D-KDN_147,N147,589,,active,NE,NE,,0
4535,N-glycan_a-D-NeupNGc_123,N123,589,,active,NE,NE,,0
4536,O-glycan_a-D-NeupNGc_163,O163,589,,active,NE,NE,,0
4537,N-glycan_a-D-NeupNAc_70,N70,589,,active,NE,NE,,0
4538,N-glycan_a-D-KDN_129,N129,589,,active,NE,NE,,0
4539,N-glycan_a-D-NeupNAc_96,N96,590,,active,NE,NE,,0
4540,O-glycan_a-D-NeupNAc_760,O760,590,,active,NE,NE,,0
4541,N-glycan_a-D-NeupNGc_146,N146,590,,active,NE,NE,,0
4542,N-glycan_a-D-NeupNGc_128,N128,590,,active,NE,NE,,0
4543,N-glycan_a-D-NeupNAc_349,N349,590,,active,NE,NE,,0
4544,O-glycan_a-D-NeupNAc_535,O535,590,,active,NE,NE,,0
4545,N-glycan_a-D-NeupNAc_69,N69,590,,active,NE,NE,,0
4546,N-glycan_a-D-KDN_124,N124,590,,active,NE,NE,,0
4547,N-glycan_a-D-KDN_147,N147,590,,active,NE,NE,,0
4548,N-glycan_a-D-NeupNGc_123,N123,590,,active,NE,NE,,0
4549,O-glycan_a-D-NeupNGc_163,O163,590,,active,NE,NE,,0
4550,N-glycan_a-D-NeupNAc_70,N70,590,,active,NE,NE,,0
4551,N-glycan_a-D-KDN_129,N129,590,,active,NE,NE,,0
4552,N-glycan_a-D-NeupNAc_96,N96,591,,active,NE,NE,,0
4553,N-glycan_a-D-NeupNAc_96,N96,592,,active,NE,NE,,0
4554,N-glycan_a-D-NeupNAc_349,N349,591,,active,NE,NE,,0
4555,N-glycan_a-D-NeupNAc_349,N349,592,,active,NE,NE,,0
4556,N-glycan_a-D-KDN_129,N129,591,,active,NE,NE,,0
4557,N-glycan_a-D-KDN_129,N129,592,,active,NE,NE,,0
4558,N-glycan_a-D-NeupNAc_70,N70,591,,active,NE,NE,,0
4559,N-glycan_a-D-NeupNAc_70,N70,592,,active,NE,NE,,0
4560,N-glycan_a-D-KDN_147,N147,591,,active,NE,NE,,0
4561,N-glycan_a-D-KDN_147,N147,592,,active,NE,NE,,0
4562,N-glycan_a-D-NeupNGc_123,N123,591,,active,NE,NE,,0
4563,N-glycan_a-D-NeupNGc_123,N123,592,,active,NE,NE,,0
4564,O-glycan_a-D-NeupNAc_760,O760,591,,active,NE,NE,,0
4565,O-glycan_a-D-NeupNAc_760,O760,592,,active,NE,NE,,0
4566,N-glycan_a-D-NeupNGc_146,N146,591,,active,NE,NE,,0
4567,N-glycan_a-D-NeupNGc_146,N146,592,,active,NE,NE,,0
4568,N-glycan_a-D-NeupNGc_128,N128,591,,active,NE,NE,,0
4569,N-glycan_a-D-NeupNGc_128,N128,592,,active,NE,NE,,0
4570,N-glycan_a-D-NeupNAc_69,N69,591,,active,NE,NE,,0
4571,N-glycan_a-D-NeupNAc_69,N69,592,,active,NE,NE,,0
4572,N-glycan_a-D-KDN_124,N124,591,,active,NE,NE,,0
4573,N-glycan_a-D-KDN_124,N124,592,,active,NE,NE,,0
4574,O-glycan_a-D-NeupNAc_535,O535,591,,active,NE,NE,,0
4575,O-glycan_a-D-NeupNAc_535,O535,592,,active,NE,NE,,0
4576,O-glycan_a-D-NeupNGc_163,O163,591,,active,NE,NE,,0
4577,O-glycan_a-D-NeupNGc_163,O163,592,,active,NE,NE,,0
4578,N-glycan_a-D-NeupNAc_96,N96,593,,active,NE,NE,,0
4579,N-glycan_a-D-NeupNAc_349,N349,593,,active,NE,NE,,0
4580,N-glycan_a-D-KDN_129,N129,593,,active,NE,NE,,0
4581,N-glycan_a-D-NeupNAc_70,N70,593,,active,NE,NE,,0
4582,N-glycan_a-D-KDN_147,N147,593,,active,NE,NE,,0
4583,N-glycan_a-D-NeupNGc_123,N123,593,,active,NE,NE,,0
4584,O-glycan_a-D-NeupNAc_760,O760,593,,active,NE,NE,,0
4585,N-glycan_a-D-NeupNGc_146,N146,593,,active,NE,NE,,0
4586,N-glycan_a-D-NeupNGc_128,N128,593,,active,NE,NE,,0
4587,N-glycan_a-D-NeupNAc_69,N69,593,,active,NE,NE,,0
4588,N-glycan_a-D-KDN_124,N124,593,,active,NE,NE,,0
4589,O-glycan_a-D-NeupNAc_535,O535,593,,active,NE,NE,,0
4590,O-glycan_a-D-NeupNGc_163,O163,593,,active,NE,NE,,0
4591,N-glycan_a-D-NeupNAc_70,N70,594,,active,NE,NE,,0
4592,N-glycan_a-D-NeupNAc_96,N96,594,,active,NE,NE,,0
4593,N-glycan_a-D-NeupNAc_349,N349,594,,active,NE,NE,,0
4594,N-glycan_a-D-KDN_147,N147,594,,active,NE,NE,,0
4595,N-glycan_a-D-KDN_129,N129,594,,active,NE,NE,,0
4596,O-glycan_a-D-NeupNAc_760,O760,594,,active,NE,NE,,0
4597,N-glycan_a-D-NeupNGc_146,N146,594,,active,NE,NE,,0
4598,N-glycan_a-D-NeupNGc_128,N128,594,,active,NE,NE,,0
4599,N-glycan_a-D-NeupNAc_69,N69,594,,active,NE,NE,,0
4600,N-glycan_a-D-KDN_124,N124,594,,active,NE,NE,,0
4601,O-glycan_a-D-NeupNAc_535,O535,594,,active,NE,NE,,0
4602,N-glycan_a-D-NeupNGc_123,N123,594,,active,NE,NE,,0
4603,O-glycan_a-D-NeupNGc_163,O163,594,,active,NE,NE,,0
4604,N-glycan_a-D-NeupNAc_70,N70,595,,active,NE,NE,,0
4605,N-glycan_a-D-NeupNAc_96,N96,595,,active,NE,NE,,0
4606,N-glycan_a-D-NeupNAc_349,N349,595,,active,NE,NE,,0
4607,N-glycan_a-D-KDN_147,N147,595,,active,NE,NE,,0
4608,N-glycan_a-D-KDN_129,N129,595,,active,NE,NE,,0
4609,O-glycan_a-D-NeupNAc_760,O760,595,,active,NE,NE,,0
4610,N-glycan_a-D-NeupNGc_146,N146,595,,active,NE,NE,,0
4611,N-glycan_a-D-NeupNGc_128,N128,595,,active,NE,NE,,0
4612,N-glycan_a-D-NeupNAc_69,N69,595,,active,NE,NE,,0
4613,N-glycan_a-D-KDN_124,N124,595,,active,NE,NE,,0
4614,O-glycan_a-D-NeupNAc_535,O535,595,,active,NE,NE,,0
4615,N-glycan_a-D-NeupNGc_123,N123,595,,active,NE,NE,,0
4616,O-glycan_a-D-NeupNGc_163,O163,595,,active,NE,NE,,0
4617,N-glycan_a-D-NeupNAc_70,N70,596,,active,NE,NE,,0
4618,N-glycan_a-D-NeupNAc_96,N96,596,,active,NE,NE,,0
4619,N-glycan_a-D-NeupNAc_349,N349,596,,active,NE,NE,,0
4620,N-glycan_a-D-KDN_147,N147,596,,active,NE,NE,,0
4621,O-glycan_a-D-NeupNGc_163,O163,596,,active,NE,NE,,0
4622,N-glycan_a-D-KDN_129,N129,596,,active,NE,NE,,0
4623,O-glycan_a-D-NeupNAc_760,O760,596,,active,NE,NE,,0
4624,N-glycan_a-D-NeupNGc_146,N146,596,,active,NE,NE,,0
4625,N-glycan_a-D-NeupNGc_123,N123,596,,active,NE,NE,,0
4626,N-glycan_a-D-NeupNGc_128,N128,596,,active,NE,NE,,0
4627,N-glycan_a-D-NeupNAc_69,N69,596,,active,NE,NE,,0
4628,O-glycan_a-D-NeupNAc_535,O535,596,,active,NE,NE,,0
4629,N-glycan_a-D-KDN_124,N124,596,,active,NE,NE,,0
4630,O-glycan_a-D-NeupNAc_535,O535,597,,active,NE,NE,,0
4631,O-glycan_a-D-NeupNGc_163,O163,597,,active,NE,NE,,0
4632,N-glycan_a-D-NeupNAc_70,N70,597,,active,NE,NE,,0
4633,N-glycan_a-D-NeupNAc_96,N96,597,,active,NE,NE,,0
4634,N-glycan_a-D-NeupNAc_349,N349,597,,active,NE,NE,,0
4635,N-glycan_a-D-KDN_147,N147,597,,active,NE,NE,,0
4636,N-glycan_a-D-NeupNGc_123,N123,597,,active,NE,NE,,0
4637,N-glycan_a-D-KDN_129,N129,597,,active,NE,NE,,0
4638,O-glycan_a-D-NeupNAc_760,O760,597,,active,NE,NE,,0
4639,N-glycan_a-D-NeupNGc_146,N146,597,,active,NE,NE,,0
4640,N-glycan_a-D-NeupNGc_128,N128,597,,active,NE,NE,,0
4641,N-glycan_a-D-NeupNAc_69,N69,597,,active,NE,NE,,0
4642,N-glycan_a-D-KDN_124,N124,597,,active,NE,NE,,0
4643,O-glycan_a-D-NeupNAc_535,O535,598,,active,NE,NE,,0
4644,O-glycan_a-D-NeupNGc_163,O163,598,,active,NE,NE,,0
4645,N-glycan_a-D-NeupNAc_70,N70,598,,active,NE,NE,,0
4646,N-glycan_a-D-NeupNAc_96,N96,598,,active,NE,NE,,0
4647,N-glycan_a-D-NeupNAc_349,N349,598,,active,NE,NE,,0
4648,N-glycan_a-D-KDN_147,N147,598,,active,NE,NE,,0
4649,N-glycan_a-D-NeupNGc_123,N123,598,,active,NE,NE,,0
4650,N-glycan_a-D-KDN_129,N129,598,,active,NE,NE,,0
4651,O-glycan_a-D-NeupNAc_760,O760,598,,active,NE,NE,,0
4652,N-glycan_a-D-NeupNGc_146,N146,598,,active,NE,NE,,0
4653,N-glycan_a-D-NeupNGc_128,N128,598,,active,NE,NE,,0
4654,N-glycan_a-D-NeupNAc_69,N69,598,,active,NE,NE,,0
4655,N-glycan_a-D-KDN_124,N124,598,,active,NE,NE,,0
4656,O-glycan_a-D-NeupNAc_535,O535,599,,active,NE,NE,,0
4657,O-glycan_a-D-NeupNGc_163,O163,599,,active,NE,NE,,0
4658,N-glycan_a-D-NeupNAc_70,N70,599,,active,NE,NE,,0
4659,N-glycan_a-D-NeupNAc_96,N96,599,,active,NE,NE,,0
4660,N-glycan_a-D-NeupNAc_349,N349,599,,active,NE,NE,,0
4661,N-glycan_a-D-KDN_147,N147,599,,active,NE,NE,,0
4662,N-glycan_a-D-NeupNGc_123,N123,599,,active,NE,NE,,0
4663,N-glycan_a-D-KDN_129,N129,599,,active,NE,NE,,0
4664,N-glycan_a-D-KDN_124,N124,599,,active,NE,NE,,0
4665,O-glycan_a-D-NeupNAc_760,O760,599,,active,NE,NE,,0
4666,N-glycan_a-D-NeupNGc_128,N128,599,,active,NE,NE,,0
4667,N-glycan_a-D-NeupNGc_146,N146,599,,active,NE,NE,,0
4668,N-glycan_a-D-NeupNAc_69,N69,599,,active,NE,NE,,0
4669,O-glycan_a-D-NeupNAc_535,O535,600,,active,NE,NE,,0
4670,O-glycan_a-D-NeupNGc_163,O163,600,,active,NE,NE,,0
4671,N-glycan_a-D-NeupNAc_70,N70,600,,active,NE,NE,,0
4672,N-glycan_a-D-NeupNAc_96,N96,600,,active,NE,NE,,0
4673,N-glycan_a-D-NeupNAc_349,N349,600,,active,NE,NE,,0
4674,N-glycan_a-D-KDN_147,N147,600,,active,NE,NE,,0
4675,N-glycan_a-D-NeupNGc_123,N123,600,,active,NE,NE,,0
4676,N-glycan_a-D-KDN_129,N129,600,,active,NE,NE,,0
4677,N-glycan_a-D-KDN_124,N124,600,,active,NE,NE,,0
4678,O-glycan_a-D-NeupNAc_760,O760,600,,active,NE,NE,,0
4679,N-glycan_a-D-NeupNGc_128,N128,600,,active,NE,NE,,0
4680,N-glycan_a-D-NeupNGc_146,N146,600,,active,NE,NE,,0
4681,N-glycan_a-D-NeupNAc_69,N69,600,,active,NE,NE,,0
4683,O-glycan_a-D-NeupNAc_579,O579,601,,active,NE,NE,,0
4685,N-glycan_a-D-NeupNAc_540,N540,601,,active,NE,NE,,0
4687,N-glycan_a-D-NeupNAc_457,N457,601,,active,NE,NE,,0
4689,N-glycan_a-D-NeupNAc_539,N539,601,NA,active,NE,NE,,0
4690,O-glycan_a-D-NeupNAc_579,O579,602,,active,NE,NE,,0
4691,N-glycan_a-D-NeupNAc_540,N540,602,,active,NE,NE,,0
4692,N-glycan_a-D-NeupNAc_457,N457,602,,active,NE,NE,,0
4693,N-glycan_a-D-NeupNAc_539,N539,602,NA,active,NE,NE,,0
4694,N-glycan_a-D-NeupNAc_545,N545,603,,active,NE,NE,,0
4695,N-glycan_a-D-NeupNAc_539,N539,603,NA,active,NE,NE,,0
4696,O-glycan_a-D-NeupNAc_579,O579,603,,active,NE,NE,,0
4697,N-glycan_a-D-NeupNAc_540,N540,603,,active,NE,NE,,0
4698,N-glycan_a-D-NeupNAc_457,N457,603,,active,NE,NE,,0
4699,N-glycan_a-D-NeupNAc_543,N543,603,,active,NE,NE,,0
4700,N-glycan_a-D-NeupNAc_545,N545,604,,active,NE,NE,,0
4701,N-glycan_a-D-NeupNAc_539,N539,604,NA,active,NE,NE,,0
4702,O-glycan_a-D-NeupNAc_579,O579,604,,active,NE,NE,,0
4703,N-glycan_a-D-NeupNAc_540,N540,604,,active,NE,NE,,0
4704,N-glycan_a-D-NeupNAc_457,N457,604,,active,NE,NE,,0
4705,N-glycan_a-D-NeupNAc_543,N543,604,,active,NE,NE,,0
4706,N-glycan_a-D-NeupNAc_539,N539,605,NA,active,NE,NE,,0
4707,O-glycan_a-D-NeupNAc_579,O579,605,,active,NE,NE,,0
4708,N-glycan_a-D-NeupNAc_540,N540,605,,active,NE,NE,,0
4709,N-glycan_a-D-NeupNAc_457,N457,605,,active,NE,NE,,0
4710,N-glycan_a-D-NeupNAc_539,N539,606,NA,active,NE,NE,,0
4711,O-glycan_a-D-NeupNAc_579,O579,606,,active,NE,NE,,0
4712,N-glycan_a-D-NeupNAc_540,N540,606,,active,NE,NE,,0
4713,N-glycan_a-D-NeupNAc_457,N457,606,,active,NE,NE,,0
4715,N-glycan_a-D-NeupNAc_545,N545,607,,active,NE,NE,,0
4717,N-glycan_a-D-NeupNAc_457,N457,607,,active,NE,NE,,0
4719,N-glycan_a-D-NeupNAc_539,N539,607,NA,active,NE,NE,,0
4721,O-glycan_a-D-NeupNAc_579,O579,607,,active,NE,NE,,0
4723,N-glycan_a-D-NeupNAc_543,N543,607,,active,NE,NE,,0
4725,N-glycan_a-D-NeupNAc_540,N540,607,,active,NE,NE,,0
4726,N-glycan_a-D-NeupNAc_545,N545,608,,active,NE,NE,,0
4727,N-glycan_a-D-NeupNAc_457,N457,608,,active,NE,NE,,0
4728,N-glycan_a-D-NeupNAc_539,N539,608,NA,active,NE,NE,,0
4729,O-glycan_a-D-NeupNAc_579,O579,608,,active,NE,NE,,0
4730,N-glycan_a-D-NeupNAc_543,N543,608,,active,NE,NE,,0
4731,N-glycan_a-D-NeupNAc_540,N540,608,,active,NE,NE,,0
4732,N-glycan_a-D-NeupNAc_457,N457,609,,active,NE,NE,,0
4733,N-glycan_a-D-NeupNAc_539,N539,609,NA,active,NE,NE,,0
4734,O-glycan_a-D-NeupNAc_579,O579,609,,active,NE,NE,,0
4735,N-glycan_a-D-NeupNAc_540,N540,609,,active,NE,NE,,0
4736,N-glycan_a-D-NeupNAc_457,N457,610,,active,NE,NE,,0
4737,N-glycan_a-D-NeupNAc_539,N539,610,NA,active,NE,NE,,0
4738,O-glycan_a-D-NeupNAc_579,O579,610,,active,NE,NE,,0
4739,N-glycan_a-D-NeupNAc_540,N540,610,,active,NE,NE,,0
4740,N-glycan_a-D-NeupNAc_457,N457,611,,active,NE,NE,,0
4741,N-glycan_a-D-NeupNAc_539,N539,611,NA,active,NE,NE,,0
4742,O-glycan_a-D-NeupNAc_579,O579,611,,active,NE,NE,,0
4743,N-glycan_a-D-NeupNAc_540,N540,611,,active,NE,NE,,0
4744,N-glycan_a-D-NeupNAc_457,N457,612,,active,NE,NE,,0
4745,N-glycan_a-D-NeupNAc_539,N539,612,NA,active,NE,NE,,0
4746,O-glycan_a-D-NeupNAc_579,O579,612,,active,NE,NE,,0
4747,N-glycan_a-D-NeupNAc_540,N540,612,,active,NE,NE,,0
4748,O-glycan_a-D-Xylp_805,O805,613,,active,NE,NE,,0
4749,O-glycan_a-D-Xylp_805,O805,614,,active,NE,NE,,0
4750,N-glycan_a-D-Manp_4,N4,390,,active,NE,NE,,0
4751,N-glycan_a-D-Manp_1,N1,390,,active,NE,NE,,0
4752,O-glycan_a-D-NeupNAc_590,O590,573,,active,NE,NE,,0
4753,N-glycan_a-D-NeupNAc_312,N312,573,Capping Step 3,active,NE,NE,,0
4754,O-glycan_a-D-NeupNAc_704,O704,573,,active,NE,NE,,0
4755,O-glycan_a-D-NeupNAc_586,O586,573,,active,NE,NE,,0
4756,O-glycan_a-D-NeupNGc_536,O536,573,,active,NE,NE,,0
4757,O-glycan_a-D-NeupNGc_603,O603,573,,active,NE,NE,,0
4758,O-glycan_a-D-NeupNAc_812,O812,573,,active,NE,NE,,0
4759,O-glycan_a-D-NeupNAc_813,O813,573,,active,NE,NE,,0
4760,N-glycan_a-D-NeupNAc_271,N271,573,,active,NE,NE,,0
4761,O-glycan_a-D-NeupNAc_727,O727,573,,active,NE,NE,,0
4762,N-glycan_a-D-NeupNAc_272,N272,573,,active,NE,NE,,0
4763,N-glycan_a-D-NeupNGc_424,N424,573,,active,NE,NE,,0
4764,O-glycan_a-D-NeupNAc_159,O159,573,,active,NE,NE,,0
4765,O-glycan_a-D-NeupNAc_587,O587,573,,active,NE,NE,,0
4766,O-glycan_a-D-NeupNAc_168,O168,573,,active,NE,NE,,0
4767,O-glycan_a-D-NeupNAc_761,O761,573,,active,NE,NE,,0
4768,N-glycan_a-D-NeupNAc_401,N401,573,,active,NE,NE,,0
4769,O-glycan_a-D-NeupNGc_623,O623,573,,active,NE,NE,,0
4770,O-glycan_a-D-NeupNAc_703,O703,573,,active,NE,NE,,0
4771,N-glycan_a-D-Manp_19,N19,241,,active,NE,NE,,0
4773,N-glycan_a-D-Manp_24,N24,284,,active,NE,NE,,0
4774,O-glycan_b-D-Galp_544,O544,311,,active,NE,NE,,0
4775,O-glycan_b-D-Galp_540,O540,311,,active,NE,NE,,0
4776,N-glycan_b-D-Galp_297,N297,311,,active,NE,NE,,0
4777,N-glycan_b-D-Galp_86,N86,311,,active,NE,NE,,0
4778,N-glycan_b-D-Galp_78,N78,311,,active,NE,NE,,0
4779,N-glycan_b-D-Galp_28,N28,311,,active,NE,NE,,0
4780,N-glycan_b-D-Galp_44,N44,311,,active,NE,NE,,0
4781,O-glycan_b-D-Glcp_800,O800,294,,active,NE,NE,,0
4782,O-glycan_b-D-GlcpNAc_153,O153,313,,active,NE,NE,,0
4783,O-glycan_b-D-GlcpNAc_578,O578,313,,active,NE,NE,,0
4784,O-glycan_b-D-GlcpNAc_672,O672,313,,active,NE,NE,,0
4785,O-glycan_b-D-GlcpNAc_620,O620,313,,active,NE,NE,,0
4786,N-glycan_b-D-GlcpNAc_84,N84,313,,active,NE,NE,,0
4787,O-glycan_b-D-GlcpNAc_582,O582,319,,active,NE,NE,,0
4788,N-glycan_b-D-GlcpNAc_292,N292,319,,active,NE,NE,,0
4789,N-glycan_b-D-GlcpNAc_265,N265,319,,active,NE,NE,,0
4790,N-glycan_b-D-GlcpNAc_76,N76,319,,active,NE,NE,,0
4791,N-glycan_b-D-GlcpNAc_65,N65,319,minor,active,NE,NE,,0
4792,N-glycan_b-D-GlcpNAc_291,N291,319,,active,NE,NE,,0
4793,O-glycan_b-D-GlcpNAc_577,O577,319,,active,NE,NE,,0
4794,O-glycan_b-D-GlcpNAc_699,O699,319,,active,NE,NE,,0
4795,N-glycan_b-D-GlcpNAc_67,N67,319,minor,active,NE,NE,,0
4796,N-glycan_b-D-GlcpNAc_232,N232,319,,active,NE,NE,,0
4797,N-glycan_b-D-GlcpNAc_234,N234,319,,active,NE,NE,,0
4798,O-glycan_b-D-GlcpNAc_744,O744,319,,active,NE,NE,,0
4799,N-glycan_b-D-GlcpNAc_59,N59,319,minor,active,NE,NE,,0
4800,N-glycan_b-D-GlcpNAc_62,N62,319,minor,active,NE,NE,,0
4801,N-glycan_b-D-GlcpNAc_36,N36,319,minor,active,NE,NE,,0
4802,O-glycan_b-D-GlcpNAc_718,O718,319,,active,NE,NE,,0
4803,N-glycan_b-D-GlcpNAc_75,N75,319,minor,active,NE,NE,,0
4804,N-glycan_b-D-GalpNAc_108,N108,312,,active,NE,NE,,0
4805,O-glycan_b-D-GalpNAc_627,O627,312,,active,NE,NE,,0
4806,N-glycan_b-D-GalpNAc_109,N109,312,,active,NE,NE,,0
4807,N-glycan_b-D-GalpNAc_82,N82,312,,active,NE,NE,,0
4808,N-glycan_b-D-GalpNAc_107,N107,312,,active,NE,NE,,0
4809,O-glycan_b-D-GalpNAc_634,O634,312,,active,NE,NE,,0
4810,N-glycan_b-D-Galp_80,N80,306,,active,NE,NE,,0
4811,N-glycan_b-D-Galp_3,N3,306,,active,NE,NE,,0
4812,N-glycan_b-D-Galp_6,N6,306,,active,NE,NE,,0
4813,N-glycan_b-D-Galp_8,N8,306,,active,NE,NE,,0
4814,O-glycan_b-D-Galp_802,O802,306,,active,NE,NE,,0
4815,N-glycan_b-D-Galp_10,N10,306,,active,NE,NE,,0
4816,O-glycan_b-D-Galp_808,O808,306,,active,NE,NE,,0
4817,O-glycan_b-D-Galp_809,O809,306,,active,NE,NE,,0
4818,O-glycan_b-D-Galp_742,O742,306,,active,NE,NE,,0
4819,N-glycan_b-D-Galp_37,N37,306,,active,NE,NE,,0
4820,N-glycan_b-D-Galp_60,N60,306,,active,NE,NE,,0
4821,O-glycan_b-D-Galp_731,O731,306,,active,NE,NE,,0
4822,O-glycan_b-D-Galp_746,O746,306,,active,NE,NE,,0
4823,O-glycan_b-D-Galp_675,O675,306,,active,NE,NE,,0
4824,O-glycan_b-D-Galp_663,O663,306,,active,NE,NE,,0
4825,N-glycan_b-D-Galp_287,N287,306,,active,NE,NE,,0
4826,O-glycan_b-D-Galp_822,O822,306,,active,NE,NE,,0
4827,N-glycan_b-D-Galp_32,N32,306,,active,NE,NE,,0
4828,O-glycan_b-D-Galp_670,O670,306,,active,NE,NE,,0
4829,N-glycan_b-D-Galp_63,N63,306,,active,NE,NE,,0
4830,O-glycan_b-D-Galp_700,O700,306,,active,NE,NE,,0
4831,N-glycan_b-D-Galp_289,N289,306,,active,NE,NE,,0
4832,N-glycan_b-D-Galp_358,N358,306,,active,NE,NE,,0
4833,N-glycan_b-D-Galp_66,N66,306,,active,NE,NE,,0
4834,N-glycan_b-D-Galp_68,N68,306,,active,NE,NE,,0
4835,N-glycan_b-D-Galp_281,N281,306,,active,NE,NE,,0
4836,N-glycan_b-D-Galp_280,N280,306,,active,NE,NE,,0
4837,N-glycan_b-D-Galp_77,N77,306,,active,NE,NE,,0
4838,N-glycan_b-D-Galp_340,N340,306,,active,NE,NE,,0
4839,O-glycan_b-D-Galp_539,O539,306,,active,NE,NE,,0
4840,O-glycan_b-D-Galp_158,O158,306,,active,NE,NE,,0
4841,O-glycan_b-D-Galp_555,O555,306,,active,NE,NE,,0
4842,O-glycan_b-D-Galp_644,O644,306,,active,NE,NE,,0
4843,N-glycan_sulfate_470,N470,353,,active,NE,NE,,0
4844,N-glycan_sulfate_469,N469,353,,active,NE,NE,,0
4845,O-glycan_core_a-D-GalpNAc_C,OC,339,,active,NE,NE,,0
4846,O-glycan_core_a-D-GalpNAc_C,OC,317,,active,NE,NE,,0
4847,N-glycan_b-D-GlcpNAc_7,N7,329,,active,NE,NE,,0
4848,N-glycan_b-D-GlcpNAc_9,N9,279,minor?,active,NE,NE,,0
4849,O-glycan_b-D-GlcpNAc_807,O807,279,,active,NE,NE,,0
4850,O-glycan_core_x-D-Glcx_C3,OC3,337,,active,NE,NE,,0
4851,N-glycan_a-D-NeupNAc_96,N96,348,,active,NE,NE,,0
4852,N-glycan_a-D-NeupNAc_349,N349,348,,active,NE,NE,,0
4853,N-glycan_a-D-NeupNAc_70,N70,348,,active,NE,NE,,0
4854,N-glycan_a-D-KDN_147,N147,348,,active,NE,NE,,0
4855,N-glycan_a-D-NeupNGc_123,N123,348,,active,NE,NE,,0
4856,N-glycan_a-D-KDN_129,N129,348,,active,NE,NE,,0
4857,N-glycan_a-D-NeupNGc_128,N128,348,,active,NE,NE,,0
4858,N-glycan_a-D-KDN_124,N124,348,,active,NE,NE,,0
4859,O-glycan_a-D-NeupNAc_760,O760,348,,active,NE,NE,,0
4860,N-glycan_a-D-NeupNGc_146,N146,348,,active,NE,NE,,0
4861,N-glycan_a-D-NeupNAc_69,N69,348,,active,NE,NE,,0
4862,O-glycan_a-D-NeupNAc_535,O535,348,,active,NE,NE,,0
4863,O-glycan_a-D-NeupNGc_163,O163,348,,active,NE,NE,,0
4864,N-glycan_a-D-NeupNAc_70,N70,343,,active,NE,NE,,0
4865,N-glycan_a-D-NeupNAc_96,N96,343,,active,NE,NE,,0
4866,N-glycan_a-D-NeupNAc_349,N349,343,,active,NE,NE,,0
4867,N-glycan_a-D-KDN_147,N147,343,,active,NE,NE,,0
4868,O-glycan_a-D-NeupNGc_163,O163,343,,active,NE,NE,,0
4869,N-glycan_a-D-KDN_129,N129,343,,active,NE,NE,,0
4870,O-glycan_a-D-NeupNAc_760,O760,343,,active,NE,NE,,0
4871,N-glycan_a-D-NeupNGc_146,N146,343,,active,NE,NE,,0
4872,N-glycan_a-D-NeupNGc_123,N123,343,,active,NE,NE,,0
4873,N-glycan_a-D-NeupNGc_128,N128,343,,active,NE,NE,,0
4874,N-glycan_a-D-NeupNAc_69,N69,343,,active,NE,NE,,0
4875,O-glycan_a-D-NeupNAc_535,O535,343,,active,NE,NE,,0
4876,N-glycan_a-D-KDN_124,N124,343,,active,NE,NE,,0
4877,O-glycan_a-D-NeupNAc_535,O535,345,,active,NE,NE,,0
4878,O-glycan_a-D-NeupNGc_163,O163,345,,active,NE,NE,,0
4879,N-glycan_a-D-NeupNAc_70,N70,345,,active,NE,NE,,0
4880,N-glycan_a-D-NeupNAc_96,N96,345,,active,NE,NE,,0
4881,N-glycan_a-D-NeupNAc_349,N349,345,,active,NE,NE,,0
4882,N-glycan_a-D-KDN_147,N147,345,,active,NE,NE,,0
4883,N-glycan_a-D-NeupNGc_123,N123,345,,active,NE,NE,,0
4884,N-glycan_a-D-KDN_129,N129,345,,active,NE,NE,,0
4885,N-glycan_a-D-KDN_124,N124,345,,active,NE,NE,,0
4886,O-glycan_a-D-NeupNAc_760,O760,345,,active,NE,NE,,0
4887,N-glycan_a-D-NeupNGc_128,N128,345,,active,NE,NE,,0
4888,N-glycan_a-D-NeupNGc_146,N146,345,,active,NE,NE,,0
4889,N-glycan_a-D-NeupNAc_69,N69,345,,active,NE,NE,,0
4890,N-glycan_a-D-Manp_20,N20,49,,active,NE,NE,,1
4891,N-glycan_a-D-Manp_20,N20,88,,active,NE,NE,,1
4892,N-glycan_a-D-Manp_20,N20,325,,active,NE,NE,,0
4893,N-glycan_a-D-Manp_20,N20,383,,active,NE,NE,,0
4894,N-glycan_a-D-Manp_20,N20,384,,active,NE,NE,,0
4895,N-glycan_a-D-Manp_23,N23,2,,active,NE,NE,,1
4896,N-glycan_a-D-Manp_23,N23,32,,active,NE,NE,,1
4897,N-glycan_a-D-Manp_23,N23,284,,active,NE,NE,,0
4898,N-glycan_a-D-Manp_23,N23,397,,active,NE,NE,,0
4899,O-glycan_b-D-GlcpNAc_829,O829,615,PMID:28810660,active,NE,NE,,0
4900,O-glycan_b-D-GlcpNAc_829,O829,616,PMID:28810660,active,NE,NE,,0
4901,O-glycan_b-D-GlcpNAc_829,O829,617,PMID:28810660,active,NE,NE,,0
4902,O-glycan_b-D-GlcpNAc_829,O829,618,PMID:28810660,active,NE,NE,,0
4903,O-glycan_b-D-GlcpNAc_829,O829,619,PMID:28810660,active,NE,NE,,0
4904,O-glycan_b-D-GalpNAc_830,O830,620,PMID:28810660,active,NE,NE,,0
4905,O-glycan_b-D-GalpNAc_830,O830,621,PMID:28810660,active,NE,NE,,0
4906,O-glycan_b-D-GalpNAc_830,O830,622,PMID:28810660,active,NE,NE,,0
4907,O-glycan_b-D-GalpNAc_830,O830,623,PMID:28810660,active,NE,NE,,0
4908,O-glycan_b-D-GalpNAc_830,O830,624,PMID:28810660,active,NE,NE,,0
4909,O-glycan_phosphate_831,O831,625,PMID:28810660,active,NE,NE,,0
4910,O-glycan_phosphate_831,O831,626,PMID:28810660,active,NE,NE,,0
4911,O-glycan_phosphate_831,O831,627,PMID:28810660,active,NE,NE,,0
4912,O-glycan_phosphate_831,O831,628,PMID:28810660,active,NE,NE,,0
4913,O-glycan_phosphate_831,O831,629,PMID:28810660,active,NE,NE,,0
4914,N-glycan_a-L-Fucp_40,N40,630,,active,CW,NE,,1
4915,N-glycan_core_D-GlcNAc_A,NA,632,,active,CW,NE,,1
4916,N-glycan_core_b-D-GlcpNAc_B,NB,631,,active,CW,NE,,1
4917,N-glycan_a-D-Manp_22,N22,633,,active,CW,NE,,1
4918,N-glycan_a-D-Manp_21,N21,633,,active,CW,NE,,1
4919,N-glycan_a-D-Manp_24,N24,634,,active,CW,NE,,1
4920,N-glycan_a-D-Manp_23,N23,634,,active,CW,NE,,1
4921,N-glycan_a-D-Manp_1,N1,635,,active,CW,NE,,1
4922,N-glycan_a-D-Manp_19,N19,636,,active,CW,NE,,1
4923,N-glycan_a-D-Manp_4,N4,635,,active,CW,NE,,1
4924,N-glycan_a-D-Manp_20,N20,637,,active,CW,NE,,1
4925,N-glycan_core_b-D-Manp_C,NC,638,,active,CW,NE,,1
4926,N-glycan_a-D-Glcp_27,N27,639,,active,CW,NE,,1
4927,N-glycan_a-D-Glcp_26,N26,640,,active,CW,NE,,1
4928,N-glycan_a-D-Glcp_25,N25,641,,active,CW,NE,,1
4929,N-glycan_phosphate_481,N481,642,,active,CW,NE,,1
4930,N-glycan_phosphate_529,N529,642,,active,CW,NE,,1
4931,N-glycan_phosphate_530,N530,642,,active,CW,NE,,1
4932,N-glycan_phosphate_481,N481,643,PMID:20170636 PMID:16120602,active,NE,NE,,0
4933,N-glycan_phosphate_481,N481,644,PMID:20170636 PMID:16120602,active,NE,NE,,0
4934,N-glycan_phosphate_481,N481,645,PMID:20170636 PMID:16120602,active,NE,NE,,0
4935,N-glycan_phosphate_481,N481,646,PMID:20170636 PMID:16120602,active,NE,NE,,0
4936,N-glycan_phosphate_481,N481,647,PMID:20170636 PMID:16120602,active,NE,NE,,0
4937,N-glycan_phosphate_529,N529,643,PMID:20170636 PMID:16120602,active,NE,NE,,0
4938,N-glycan_phosphate_529,N529,644,PMID:20170636 PMID:16120602,active,NE,NE,,0
4939,N-glycan_phosphate_529,N529,645,PMID:20170636 PMID:16120602,active,NE,NE,,0
4940,N-glycan_phosphate_529,N529,646,PMID:20170636 PMID:16120602,active,NE,NE,,0
4941,N-glycan_phosphate_529,N529,647,PMID:20170636 PMID:16120602,active,NE,NE,,0
4942,N-glycan_phosphate_530,N530,643,PMID:20170636 PMID:16120602,active,NE,NE,,0
4943,N-glycan_phosphate_530,N530,644,PMID:20170636 PMID:16120602,active,NE,NE,,0
4944,N-glycan_phosphate_530,N530,645,PMID:20170636 PMID:16120602,active,NE,NE,,0
4945,N-glycan_phosphate_530,N530,646,PMID:20170636 PMID:16120602,active,NE,NE,,0
4946,N-glycan_phosphate_530,N530,647,PMID:20170636 PMID:16120602,active,NE,NE,,0
